Eworld,Hite,Samil
240.0,1956.059937,2156.680908
240.0,1956.059937,2142.108154
245.0,1956.059937,2156.680908
255.0,1956.059937,2193.11084
245.0,1956.059937,2222.255127
240.0,1956.059937,2262.328857
235.0,1956.059937,2167.609619
230.0,1956.059937,2160.32373
240.0,1956.059937,2222.255127
225.0,1956.059937,2105.67749
225.0,1956.059937,2167.609619
220.0,1956.059937,2185.824951
200.0,1956.059937,2222.255127
230.0,1956.059937,1941.740845
260.0,1956.059937,2131.179199
275.0,1956.059937,2120.25
250.0,1956.059937,2142.108154
270.0,1956.059937,2134.822021
310.0,1956.059937,2149.394531
355.0,1956.059937,2116.606934
405.0,1956.059937,2098.391846
465.0,1956.059937,2134.822021
530.0,1956.059937,2149.394531
500.0,1956.059937,2185.824951
575.0,1956.059937,2364.33374
660.0,1956.059937,2513.698486
755.0,1956.059937,2462.696045
865.0,1956.059937,2422.622559
870.0,1956.059937,2513.698486
920.0,1956.059937,2506.412354
1055.0,1956.059937,2367.976807
1210.0,1956.059937,2313.331055
1030.0,1956.059937,2349.761963
880.0,1956.059937,2459.053223
750.0,1956.059937,2488.196777
640.0,1956.059937,2641.204834
545.0,1956.059937,2586.55957
625.0,1956.059937,2699.493896
660.0,1956.059937,2695.850342
565.0,1956.059937,2404.407715
570.0,1956.059937,2331.546387
555.0,1956.059937,2422.622559
525.0,1956.059937,2331.546387
505.0,1956.059937,2364.33374
585.0,1956.059937,2400.763672
670.0,1956.059937,2426.265381
645.0,1956.059937,2433.551514
655.0,1956.059937,2568.344238
650.0,1956.059937,2633.918701
535.0,1956.059937,2619.34668
615.0,1956.059937,2571.987061
635.0,1956.059937,2688.564453
620.0,1956.059937,2608.417725
605.0,1956.059937,2644.8479
640.0,1956.059937,2637.562256
605.0,1956.059937,2622.989746
695.0,1956.059937,2706.779541
795.0,1956.059937,2878.002686
750.0,1956.059937,2768.711426
640.0,1956.059937,2608.417725
545.0,1956.059937,2677.635498
545.0,1956.059937,2724.995117
560.0,1956.059937,2717.708984
555.0,1956.059937,2659.419922
550.0,1956.059937,2699.493896
630.0,1956.059937,2852.501465
605.0,1956.059937,2961.792725
570.0,1956.059937,3092.942139
565.0,1956.059937,3147.587646
600.0,1956.059937,3242.306641
580.0,1956.059937,3140.302002
555.0,1956.059937,3071.083984
555.0,1956.059937,3045.582275
535.0,1956.059937,2994.580078
515.0,1956.059937,3078.369873
535.0,1956.059937,3136.658447
520.0,1956.059937,3158.51709
520.0,1956.059937,3151.230713
595.0,1956.059937,3154.873779
560.0,1956.059937,3289.66626
540.0,1956.059937,3060.154541
540.0,1956.059937,3041.939453
525.0,1956.059937,3060.154541
520.0,1956.059937,2994.580078
525.0,1956.059937,2983.650391
515.0,1956.059937,2914.433105
530.0,1956.059937,2910.790283
535.0,1956.059937,3009.151855
615.0,1956.059937,2980.008057
705.0,1956.059937,2983.650391
750.0,1956.059937,2910.790283
640.0,1956.059937,2841.572021
625.0,1956.059937,2903.503906
625.0,1956.059937,2961.792725
695.0,1956.059937,2914.433105
660.0,1956.059937,2903.503906
635.0,1956.059937,2888.931641
645.0,1956.059937,2903.503906
625.0,1956.059937,2892.574951
605.0,1956.059937,2805.141602
655.0,1956.059937,2768.711426
625.0,1956.059937,2717.708984
630.0,1956.059937,2783.283691
635.0,1956.059937,2805.141602
620.0,1956.059937,2805.141602
635.0,1956.059937,2695.850342
665.0,1956.059937,2670.349121
760.0,1956.059937,2601.131348
870.0,1956.059937,2564.700928
1000.0,1956.059937,2568.344238
1150.0,1956.059937,2568.344238
1170.0,1956.059937,2557.415283
1230.0,1956.059937,2531.913818
1050.0,1956.059937,2506.412354
1205.0,1956.059937,2462.696045
1385.0,1956.059937,2484.554443
1340.0,1956.059937,2477.267822
1245.0,1956.059937,2422.622559
1250.0,1956.059937,2335.189697
1150.0,1956.059937,2375.262939
1170.0,1956.059937,2404.407715
1345.0,1956.059937,2400.763672
1545.0,1956.059937,2360.690674
1330.0,1956.059937,2459.053223
1415.0,1956.059937,2513.698486
1395.0,1956.059937,2440.837891
1395.0,1956.059937,2448.123779
1385.0,1956.059937,2524.627197
1590.0,1956.059937,2550.12915
1605.0,1956.059937,2495.483154
1690.0,1956.059937,2510.05542
1780.0,1956.059937,2495.483154
2045.0,1956.059937,2375.262939
2255.0,1956.059937,2316.974121
2590.0,1956.059937,2324.260742
2205.0,1956.059937,2302.4021
2000.0,1956.059937,2262.328857
1910.0,1956.059937,2284.187012
1915.0,1956.059937,2324.260742
1755.0,1956.059937,2360.690674
1805.0,1956.059937,2346.118408
1840.0,1956.059937,2378.905762
1680.0,1956.059937,2386.192139
1545.0,1956.059937,2357.047852
1680.0,1956.059937,2357.047852
1780.0,1956.059937,2331.546387
1640.0,1956.059937,2331.546387
1585.0,1956.059937,2309.688232
1570.0,1956.059937,2320.617432
1540.0,1956.059937,2324.260742
1565.0,1956.059937,2327.903564
1670.0,1956.059937,2349.761963
1490.0,1956.059937,2437.19458
1505.0,1956.059937,2422.622559
1510.0,1956.059937,2495.483154
1530.0,1956.059937,2506.412354
1490.0,1956.059937,2477.267822
1490.0,1956.059937,2422.622559
1270.0,1956.059937,2513.698486
1080.0,1956.059937,2550.12915
1240.0,1956.059937,2510.05542
1175.0,1956.059937,2579.272705
1060.0,1956.059937,2488.196777
1120.0,1956.059937,2408.050293
1120.0,1956.059937,2378.905762
1265.0,1956.059937,2371.619873
1260.0,1956.059937,2422.622559
1150.0,1956.059937,2411.693359
1140.0,1956.059937,2429.908447
1310.0,1956.059937,2477.267822
1160.0,1956.059937,2404.407715
1175.0,1956.059937,2371.619873
1175.0,1956.059937,2404.407715
1140.0,1956.059937,2404.407715
1105.0,1956.059937,2367.976807
1120.0,1956.059937,2360.690674
1140.0,1956.059937,2400.763672
1105.0,1956.059937,2437.19458
1095.0,1956.059937,2444.480957
1130.0,1956.059937,2459.053223
1110.0,1956.059937,2466.338867
1190.0,1956.059937,2502.769287
1190.0,1956.059937,2513.698486
1210.0,1956.059937,2495.483154
1300.0,1956.059937,2451.766602
1310.0,1956.059937,2473.625244
1285.0,1956.059937,2477.267822
1255.0,1956.059937,2469.981934
1275.0,1956.059937,2444.480957
1270.0,1956.059937,2408.050293
1300.0,1956.059937,2382.548828
1330.0,1956.059937,2404.407715
1490.0,1956.059937,2408.050293
1435.0,1956.059937,2408.050293
1390.0,1956.059937,2386.192139
1455.0,1956.059937,2418.979492
1410.0,1956.059937,2433.551514
1450.0,1956.059937,2418.979492
1415.0,1956.059937,2418.979492
1405.0,1956.059937,2433.551514
1295.0,1956.059937,2404.407715
1265.0,27586.298828,2415.336426
1270.0,27943.716797,2426.265381
1215.0,28561.083984,2469.981934
1210.0,28138.673828,2429.908447
1175.0,27813.75,2404.407715
1000.0,27748.755859,2422.622559
1135.0,28268.642578,2433.551514
1125.0,28236.152344,2386.192139
1120.0,28171.166016,2338.832764
1095.0,28333.625,2338.832764
1100.0,28138.673828,2378.905762
1065.0,28366.123047,2375.262939
1015.0,28756.029297,2382.548828
1015.0,28593.5625,2375.262939
980.0,28268.642578,2371.619873
925.0,27716.269531,2349.761963
880.0,27553.806641,2335.189697
915.0,27456.328125,2331.546387
920.0,27456.328125,2331.546387
890.0,27228.878906,2324.260742
1020.0,27261.369141,2338.832764
1170.0,27261.369141,2342.475586
1345.0,27456.328125,2331.546387
1330.0,27033.919922,2342.475586
1370.0,26838.96875,2306.045166
1250.0,26644.007813,2298.759033
1290.0,27293.861328,2324.260742
1480.0,27163.894531,2313.331055
1495.0,26838.96875,2313.331055
1365.0,26449.050781,2258.685547
1480.0,26416.560547,2247.756348
1530.0,26351.572266,2251.399658
1455.0,26286.587891,2236.827393
1410.0,27098.908203,2218.611572
1435.0,27131.398438,2240.470215
1295.0,26968.9375,2265.97168
1190.0,26708.992188,2262.328857
1225.0,26644.007813,2265.97168
1230.0,26416.560547,2287.830078
1210.0,26806.46875,2320.617432
1200.0,26546.53125,2316.974121
1170.0,27098.908203,2324.260742
1185.0,26806.46875,2306.045166
1195.0,26449.050781,2302.4021
1335.0,26968.9375,2313.331055
1535.0,26968.9375,2313.331055
1520.0,27098.908203,2306.045166
1295.0,26903.945313,2295.115967
1185.0,26838.96875,2284.187012
1010.0,27001.429688,2276.900391
1140.0,25994.154297,2307.008301
1130.0,25864.183594,2291.95459
1110.0,25961.666016,2276.900879
1150.0,26124.126953,2295.718506
1135.0,25441.779297,2303.245117
1135.0,24434.507813,2310.772217
1130.0,23979.609375,2307.008301
1145.0,24239.548828,2314.5354
1130.0,24207.056641,2295.718506
1095.0,24499.494141,2284.428223
1085.0,24564.474609,2280.664307
1090.0,24467.0,2276.900879
1145.0,24434.507813,2276.900879
1120.0,24564.474609,2276.900879
1095.0,24791.925781,2273.137451
1095.0,25116.853516,2276.900879
1070.0,24889.402344,2269.374023
1030.0,24726.939453,2254.320557
1000.0,24759.435547,2216.685547
975.0,24629.462891,2224.211914
1120.0,24629.462891,2216.685547
1085.0,24726.939453,2163.996826
1040.0,24759.435547,2235.50293
1175.0,24726.939453,2216.685547
1185.0,24726.939453,2205.394775
1235.0,25344.302734,2224.211914
1170.0,24499.494141,2160.233154
1130.0,22744.886719,2160.233154
1130.0,21932.568359,2182.813965
1110.0,22452.451172,2179.050537
1115.0,23037.322266,2194.104248
1110.0,23394.738281,2190.341064
1100.0,23394.738281,2197.86792
1120.0,23394.738281,2197.86792
1080.0,23654.685547,2261.846924
1040.0,23979.609375,2254.320557
1020.0,23557.203125,2284.428223
1030.0,23394.738281,2291.95459
1080.0,23394.738281,2291.95459
1050.0,23004.828125,2299.481445
1205.0,23102.306641,2329.589355
1385.0,22744.886719,2340.879883
1400.0,22939.841797,2337.116211
1270.0,22744.886719,2333.353027
1175.0,22744.886719,2325.825928
1175.0,22842.363281,2348.407227
1235.0,23557.203125,2370.987793
1120.0,23459.724609,2367.223877
1095.0,23394.738281,2363.460938
1085.0,24012.103516,2359.697021
1055.0,23914.623047,2329.589355
1130.0,23914.623047,2333.353027
1100.0,23524.712891,2352.169922
1110.0,23329.753906,2329.589355
1165.0,23264.767578,2333.353027
1110.0,23004.828125,2344.643066
1125.0,22842.363281,2370.987793
1140.0,23037.322266,2370.987793
1310.0,22874.855469,2359.697021
1505.0,22874.855469,2363.460938
1595.0,23134.798828,2337.116211
1710.0,23134.798828,2337.116211
1900.0,23102.306641,2325.825928
2185.0,23004.828125,2333.353027
2510.0,22874.855469,2333.353027
2885.0,22679.900391,2333.353027
3315.0,22809.873047,2318.298828
3810.0,22907.349609,2325.825928
3240.0,23069.8125,2337.116211
3030.0,23297.263672,2333.353027
3035.0,23557.203125,2325.825928
3035.0,23524.712891,2318.298828
2960.0,23589.695313,2322.062256
2520.0,23849.638672,2333.353027
2595.0,23914.623047,2333.353027
2770.0,23882.126953,2333.353027
2685.0,23719.666016,2344.643066
2690.0,23622.1875,2348.407227
2885.0,23557.203125,2344.643066
3030.0,23394.738281,2329.589355
3090.0,23557.203125,2333.353027
2990.0,23264.767578,2352.169922
2630.0,22809.873047,2333.353027
2650.0,22777.375,2333.353027
2785.0,22744.886719,2318.298828
2785.0,22744.886719,2310.772217
2800.0,22744.886719,2299.481445
2730.0,22192.513672,2235.50293
2790.0,22095.03125,2182.813965
2790.0,21997.552734,2227.97583
2790.0,21997.552734,2227.97583
2950.0,21900.076172,2231.739258
2955.0,21770.105469,2254.320557
2855.0,21477.671875,2239.266113
2800.0,20795.324219,2227.97583
2745.0,19950.513672,2216.685547
2715.0,20080.484375,2212.921631
2610.0,19853.035156,2209.158203
2660.0,20047.990234,2160.233154
2460.0,20047.990234,2088.727295
2485.0,20405.412109,2103.781494
2380.0,20827.816406,2145.179199
2450.0,20502.892578,2141.415771
2530.0,21477.671875,2141.415771
2730.0,21575.150391,2171.523438
2715.0,21412.685547,2179.050537
2730.0,21315.205078,2182.813965
2610.0,21152.742188,2152.705811
2700.0,21185.238281,2118.834717
2665.0,21120.248047,2145.179199
2615.0,21250.222656,2163.996826
2610.0,21965.060547,2141.415771
2590.0,22192.513672,2160.233154
2690.0,22192.513672,2145.179199
2800.0,21835.089844,2152.705811
2860.0,21705.121094,2152.705811
2990.0,21737.611328,2115.071777
3435.0,21867.583984,2122.598633
3950.0,21802.595703,2130.125732
3360.0,21802.595703,2130.125732
3305.0,21900.076172,2115.071777
3345.0,21997.552734,2122.598633
3300.0,22289.988281,2088.727295
3050.0,22257.492188,2066.14624
3055.0,22030.046875,2103.781494
2955.0,22354.972656,2073.67334
2850.0,22809.873047,2084.963623
3050.0,23134.798828,2069.910156
2980.0,22939.841797,2096.253906
2930.0,23069.8125,2137.652344
2935.0,23069.8125,2148.942627
2995.0,23069.8125,2152.705811
2950.0,23037.322266,2175.286865
2965.0,23102.306641,2171.523438
2950.0,23524.712891,2145.179199
2940.0,23752.160156,2133.888672
2885.0,24174.566406,2126.361816
2800.0,24434.507813,2126.361816
2905.0,24434.507813,2081.200195
2895.0,24434.507813,2062.382813
2950.0,24174.566406,2039.801758
2945.0,24369.519531,2066.14624
3070.0,24564.474609,2088.727295
3055.0,24402.013672,2100.017578
2940.0,24142.072266,2111.308105
2940.0,24304.53125,2096.253906
2910.0,24629.462891,2096.253906
2995.0,24759.435547,2096.253906
2985.0,24954.388672,2092.490479
2950.0,25019.375,2100.017578
2905.0,25149.34375,2122.598633
2900.0,25701.722656,2122.598633
2840.0,25864.183594,2115.071777
2830.0,25246.824219,2137.652344
2810.0,24759.435547,2133.888672
2815.0,25149.34375,2107.544678
2880.0,24824.419922,2122.598633
2990.0,24531.982422,2122.598633
2910.0,24109.580078,2130.125732
2895.0,24044.59375,2122.598633
2890.0,24467.0,2141.415771
2895.0,24239.548828,2103.781494
2800.0,24369.519531,2118.834717
2870.0,24044.59375,2126.361816
2790.0,23784.652344,2122.598633
2750.0,23849.638672,2115.071777
2745.0,23849.638672,2107.544678
2775.0,24109.580078,2107.544678
2790.0,24337.03125,2088.727295
2760.0,24174.566406,2066.14624
2720.0,24434.507813,2062.382813
2780.0,24824.419922,2058.619141
2715.0,24824.419922,2032.275024
2685.0,24856.908203,2002.16748
2610.0,24954.388672,2002.16748
2755.0,25344.302734,1975.823242
3040.0,25149.34375,2032.275024
2845.0,25214.330078,2051.092529
2905.0,25734.216797,2081.200195
2970.0,25734.216797,2073.67334
3070.0,25636.734375,2054.855957
3085.0,25864.183594,2051.092529
3030.0,25799.199219,2047.328735
3000.0,25799.199219,2017.221436
3000.0,25474.271484,2020.984619
2970.0,25539.257813,2024.748169
2920.0,25409.289063,2047.328735
2950.0,25506.763672,2039.801758
2960.0,25604.242188,2036.038574
2915.0,25344.302734,2020.984619
2920.0,24954.388672,2028.511841
3000.0,25149.34375,2028.511841
3025.0,24824.419922,2028.511841
2955.0,24661.951172,2036.038574
2920.0,24629.462891,2051.092529
2900.0,24856.908203,2047.328735
2865.0,24921.894531,2036.038574
2820.0,25214.330078,2032.275024
2860.0,25214.330078,2039.801758
2795.0,25051.869141,2058.619141
2995.0,24596.96875,2081.200195
2860.0,24174.566406,2077.436768
2670.0,24596.96875,2066.14624
2665.0,24564.474609,2069.910156
2500.0,24531.982422,2069.910156
2545.0,24531.982422,2126.361816
2440.0,24564.474609,2133.888672
2440.0,24434.507813,2186.577393
2300.0,24694.451172,2145.179199
2310.0,24499.494141,2163.996826
2310.0,24239.548828,2160.233154
2245.0,24694.451172,2179.050537
2100.0,25019.375,2167.76001
2040.0,24694.451172,2137.652344
2170.0,24402.013672,2148.942627
2275.0,24467.0,2141.415771
2210.0,24337.03125,2148.942627
2120.0,24402.013672,2130.125732
2010.0,24337.03125,2069.910156
1900.0,24012.103516,2047.328735
1800.0,24467.0,2024.748169
1810.0,24272.042969,2028.511841
1815.0,24077.089844,2039.801758
1775.0,24239.548828,2032.275024
2040.0,23979.609375,2047.328735
2110.0,23784.652344,2047.328735
2220.0,23687.173828,2024.748169
2100.0,23719.666016,2043.565796
2100.0,23719.666016,2032.275024
2010.0,23719.666016,2047.328735
2005.0,23589.695313,2043.565796
1995.0,23459.724609,2058.619141
1995.0,23362.248047,2058.619141
1985.0,23069.8125,2058.619141
1900.0,23394.738281,2054.855957
1845.0,23167.292969,2039.801758
1865.0,23069.8125,2028.511841
1900.0,23784.652344,2032.275024
1995.0,23557.203125,2028.511841
1940.0,23784.652344,2028.511841
1895.0,23979.609375,2047.328735
1900.0,24174.566406,2047.328735
1860.0,24044.59375,2081.200195
1815.0,23947.115234,2077.436768
1740.0,23589.695313,2062.382813
1820.0,23849.638672,2062.382813
1700.0,23849.638672,2077.436768
1730.0,23589.695313,2066.14624
1720.0,23589.695313,2069.910156
1635.0,23882.126953,2073.67334
1600.0,24012.103516,2069.910156
1635.0,24045.970703,2120.681152
1640.0,23978.234375,2112.870361
1690.0,24113.705078,2101.153564
1700.0,24350.773438,2105.05957
1710.0,24249.173828,2097.247803
1680.0,23978.234375,2085.531982
1665.0,23944.369141,2124.586914
1645.0,23910.498047,2124.586914
1675.0,23673.425781,2116.775879
1730.0,23537.957031,2108.9646
1680.0,23300.882813,2116.775879
1680.0,23334.75,2105.05957
1665.0,23741.162109,2101.153564
1650.0,23707.292969,2093.342773
1625.0,23436.353516,2105.05957
1630.0,23233.148438,2089.437744
1660.0,22691.267578,2105.05957
1680.0,22691.267578,2089.437744
1635.0,22555.794922,2108.9646
1600.0,22386.457031,2187.074463
1680.0,22081.650391,2148.019775
1660.0,22250.990234,2108.9646
1610.0,22047.785156,2097.247803
1605.0,21980.048828,2136.303711
1610.0,21810.710938,2116.775879
1630.0,22250.990234,2097.247803
1600.0,22013.916016,2097.247803
1570.0,21946.179688,2085.531982
1490.0,21844.576172,2105.05957
1420.0,21641.371094,2124.586914
1350.0,22081.650391,2116.775879
1370.0,22284.853516,2101.153564
1340.0,22115.517578,2116.775879
1345.0,22352.589844,2112.870361
1360.0,22284.853516,2124.586914
1385.0,21810.710938,2120.681152
1365.0,21675.238281,2120.681152
1325.0,21641.371094,2120.681152
1340.0,21302.699219,2124.586914
1350.0,21031.755859,2105.05957
1330.0,20794.683594,2108.9646
1320.0,21031.755859,2132.397705
1380.0,21065.623047,2128.492432
1585.0,21201.095703,2144.11377
1675.0,21302.699219,2116.775879
1710.0,22047.785156,2108.9646
1745.0,21810.710938,2112.870361
1860.0,22149.384766,2112.870361
1765.0,21742.976563,2101.153564
1540.0,21742.976563,2058.193604
1650.0,22149.384766,2089.437744
1600.0,21946.179688,2089.437744
1610.0,23368.615234,2081.626465
1630.0,23165.412109,2097.247803
1560.0,23029.943359,2108.9646
1545.0,22860.601563,2093.342773
1515.0,24012.103516,2081.626465
1580.0,24012.103516,2093.342773
1595.0,24249.173828,2089.437744
1545.0,24045.970703,2097.247803
1510.0,24181.441406,2093.342773
1535.0,24316.908203,2116.775879
1540.0,23978.234375,2136.303711
1640.0,24079.837891,2151.925049
1615.0,24181.441406,2163.641602
1610.0,24384.644531,2155.830566
1585.0,25671.611328,2171.452881
1615.0,25468.40625,2179.263672
1675.0,24249.173828,2187.074463
1670.0,23571.824219,2167.547363
1735.0,24520.115234,2151.925049
1760.0,24045.970703,2171.452881
1710.0,24147.568359,2159.736084
1715.0,23097.677734,2194.885986
1660.0,22860.601563,2155.830566
1630.0,23368.615234,2140.208984
1630.0,23808.896484,2140.208984
1600.0,23842.763672,2132.397705
1635.0,23368.615234,2124.586914
1600.0,23165.412109,2128.492432
1560.0,23267.015625,2148.019775
1505.0,24316.908203,2151.925049
1530.0,24587.847656,2140.208984
1570.0,24655.585938,2159.736084
1580.0,24316.908203,2167.547363
1595.0,24452.380859,2175.35791
1540.0,24384.644531,2171.452881
1405.0,24249.173828,2163.641602
1420.0,24384.644531,2148.019775
1390.0,24452.380859,2132.397705
1390.0,24452.380859,2108.9646
1380.0,24486.248047,2128.492432
1350.0,24384.644531,2132.397705
1340.0,24418.511719,2124.586914
1340.0,24249.173828,2120.681152
1375.0,24520.115234,2108.9646
1350.0,24350.773438,2105.05957
1360.0,24350.773438,2093.342773
1320.0,24384.644531,2101.153564
1340.0,24486.248047,2120.681152
1330.0,24283.042969,2120.681152
1270.0,24316.908203,2124.586914
1255.0,24384.644531,2128.492432
1230.0,24723.320313,2120.681152
1180.0,24520.115234,2097.247803
1270.0,23571.824219,2108.9646
1260.0,24045.970703,2108.9646
1225.0,23571.824219,2081.626465
1200.0,22589.662109,2081.626465
1195.0,23029.943359,2081.626465
1155.0,23063.810547,2054.287842
1135.0,22725.132813,2101.153564
1135.0,23029.943359,2062.098877
1130.0,23571.824219,2042.571289
1100.0,22217.119141,2046.477173
1175.0,21912.3125,2042.571289
1300.0,22250.990234,2030.855103
1300.0,23334.75,2026.949463
1290.0,23605.691406,1999.610962
1245.0,23842.763672,1999.610962
1220.0,23199.279297,2015.233032
1175.0,23334.75,2019.138672
1155.0,23368.615234,2019.138672
1230.0,23605.691406,2019.138672
1260.0,23131.542969,2019.138672
1315.0,23436.353516,2011.327271
1300.0,23470.220703,2026.949463
1295.0,23436.353516,2030.855103
1390.0,23910.498047,2050.382568
1525.0,24147.568359,2050.382568
1515.0,24384.644531,2042.571289
1540.0,24723.320313,2007.422363
1550.0,24384.644531,2030.855103
1545.0,24723.320313,2034.76062
1485.0,24283.042969,2038.665771
1510.0,24384.644531,2069.909912
1660.0,24113.705078,2081.626465
1640.0,24249.173828,2077.720947
1560.0,24316.908203,2069.909912
1535.0,24587.847656,2073.81543
1540.0,24283.042969,2116.775879
1515.0,24147.568359,2105.05957
1460.0,24249.173828,2116.775879
1435.0,24215.306641,2112.870361
1420.0,24012.103516,2171.452881
1450.0,24316.908203,2167.547363
1425.0,24045.970703,2132.397705
1330.0,23199.279297,2108.9646
1285.0,23504.089844,2116.775879
1360.0,23334.75,2073.81543
1270.0,22589.662109,1948.839722
1110.0,20523.744141,1784.809082
1205.0,20218.935547,1853.155029
1210.0,20049.595703,1853.155029
1215.0,20185.066406,1882.446533
1315.0,20930.154297,1921.501465
1375.0,21167.224609,1915.643066
1310.0,21133.357422,1890.25708
1215.0,23707.292969,1860.965942
1245.0,23673.425781,1866.824341
1220.0,21539.767578,1874.63562
1205.0,20862.417969,1870.730103
1220.0,20896.283203,1868.777222
1200.0,20997.888672,1864.871948
1190.0,20185.066406,1853.155029
1185.0,22115.517578,1874.63562
1195.0,22115.517578,1878.540405
1180.0,22149.384766,1888.304443
1155.0,21472.035156,1882.446533
1150.0,21472.035156,1880.49353
1125.0,20659.214844,1894.162842
1140.0,20997.888672,1878.540405
1105.0,20726.949219,1882.446533
1120.0,20422.138672,1855.107788
1050.0,20388.271484,1796.525635
1050.0,20456.007813,1802.383911
1065.0,20117.332031,1812.147339
1040.0,20218.935547,1786.761841
1030.0,20117.332031,1786.761841
1050.0,20015.730469,1792.620117
1005.0,19677.054688,1771.139893
951.0,18898.097656,1771.139893
904.0,17814.335938,1784.809082
940.0,17238.585938,1767.234375
999.0,16866.044922,1737.943237
982.0,17407.927734,1716.463013
1010.0,17103.121094,1716.463013
1160.0,16527.367188,1714.510254
1330.0,14935.59668,1644.211426
1355.0,15409.742188,1669.597046
1270.0,15782.28418,1671.550049
1220.0,15511.342773,1679.360962
1280.0,15816.150391,1693.030151
1170.0,15511.342773,1712.557495
1170.0,16019.358398,1712.557495
1160.0,16256.432617,1691.077271
1170.0,17882.072266,1677.408203
1135.0,18085.277344,1667.644653
1075.0,18356.216797,1702.793945
1060.0,17543.398438,1698.888306
1050.0,17407.927734,1677.408203
1045.0,18220.746094,1679.360962
1125.0,17611.132813,1702.793945
1075.0,17340.191406,1691.077271
1070.0,17611.132813,1679.360962
1075.0,17678.869141,1696.935791
1060.0,17272.455078,1718.415771
1035.0,17306.326172,1679.360962
1040.0,16933.78125,1693.030151
1010.0,17306.326172,1665.69165
1025.0,17509.525391,1679.360962
1030.0,17407.927734,1679.360962
1035.0,17645.0,1677.408203
1010.0,17645.0,1683.266357
1000.0,17069.25,1675.4552
1030.0,17170.853516,1712.557495
1035.0,17441.794922,1681.313477
1005.0,18356.216797,1685.218994
1010.0,18728.763672,1696.935791
1020.0,19372.246094,1730.132202
1005.0,20117.332031,1720.368652
1000.0,20015.730469,1677.408203
1020.0,20252.800781,1702.793945
999.0,19304.511719,1714.510254
999.0,18457.820313,1698.888306
993.0,18762.628906,1671.550049
994.0,19643.1875,1698.888306
992.0,20422.138672,1698.888306
980.0,20320.535156,1696.935791
993.0,20252.800781,1669.597046
975.0,20354.404297,1683.266357
975.0,20659.214844,1693.030151
965.0,21201.095703,1704.74646
970.0,21438.164063,1706.699097
973.0,21980.048828,1724.274048
998.0,21302.699219,1765.281494
999.0,19914.125,1784.809082
977.0,18830.363281,1753.565308
999.0,19101.304688,1726.226929
975.0,19202.90625,1693.030151
989.0,18931.964844,1679.360962
958.0,17848.205078,1659.833374
975.0,18288.482422,1698.888306
990.0,19033.568359,1696.935791
974.0,19202.90625,1696.935791
1000.0,19406.111328,1671.550049
1035.0,19439.980469,1698.888306
999.0,19372.246094,1663.73877
1005.0,18451.443359,1714.339233
1020.0,17813.964844,1730.531128
1010.0,18628.519531,1724.459229
1005.0,19088.921875,1740.651489
1050.0,19301.414063,1740.651489
1025.0,19797.230469,1779.107666
1020.0,19655.570313,1768.987427
1010.0,19620.154297,1789.227905
1010.0,19761.814453,1858.044312
1005.0,19584.738281,1957.220703
1010.0,19726.400391,1932.932983
1020.0,19903.478516,1918.764648
999.0,19301.414063,1862.092163
999.0,19265.996094,1908.644165
1025.0,18026.458984,1908.644165
1035.0,17282.736328,1904.59668
1040.0,17388.980469,1862.092163
1195.0,17459.810547,1845.89978
1175.0,17530.640625,1878.28418
1165.0,17530.640625,1898.524292
1095.0,17530.640625,1882.332397
1095.0,17707.716797,1894.476685
1075.0,17920.210938,1900.548584
1090.0,18132.705078,1882.332397
1090.0,18097.289063,1878.28418
1110.0,18345.197266,1837.804077
1120.0,18663.9375,1878.28418
1140.0,18663.9375,1874.236328
1140.0,18663.9375,1853.996094
1140.0,18061.873047,1853.996094
1120.0,17849.378906,1860.068115
1115.0,17707.716797,1918.764648
1155.0,17743.134766,1961.269043
1220.0,17495.226563,1888.404297
1250.0,17672.302734,1876.260254
1255.0,17884.794922,1898.524292
1195.0,17707.716797,1930.908569
1185.0,17707.716797,1910.668823
1160.0,17707.716797,1876.260254
1170.0,18132.705078,1902.571899
1180.0,17991.042969,1902.571899
1155.0,17707.716797,1906.62085
1165.0,17707.716797,1888.404297
1150.0,17566.056641,1882.332397
1100.0,17353.564453,1872.21228
1090.0,17459.810547,1880.308472
1090.0,18238.949219,1922.8125
1080.0,17141.074219,1910.668823
1080.0,17247.320313,1930.908569
1125.0,16999.412109,1947.100342
1115.0,17707.716797,1945.077026
1110.0,17743.134766,1934.956543
1160.0,18132.705078,1898.524292
1120.0,18451.443359,1872.21228
1110.0,18309.783203,1886.380371
1110.0,18380.613281,1868.164307
1090.0,18026.458984,1845.89978
1100.0,18097.289063,1821.611816
1085.0,18238.949219,1878.28418
1085.0,18557.689453,1839.828003
1035.0,18274.365234,1805.4198
1050.0,18380.613281,1785.179688
1045.0,18061.873047,1787.203735
1045.0,18238.949219,1795.300049
1050.0,18132.705078,1811.491699
1050.0,18451.443359,1809.468018
1015.0,18593.105469,1768.987427
1020.0,18451.443359,1752.795532
1000.0,18274.365234,1768.987427
977.0,17530.640625,1740.651489
975.0,17601.472656,1716.363159
983.0,17920.210938,1740.651489
1020.0,17920.210938,1813.515869
1005.0,17743.134766,1858.044312
1005.0,18132.705078,1853.996094
1035.0,18309.783203,1882.332397
1055.0,17813.964844,1841.852295
1070.0,17672.302734,1841.852295
1035.0,17707.716797,1837.804077
991.0,17743.134766,1813.515869
1045.0,17141.074219,1791.251465
1020.0,17424.394531,1764.939697
998.0,17318.150391,1740.651489
998.0,17353.564453,1762.915649
1005.0,17105.660156,1773.035522
1015.0,16963.998047,1777.083618
1045.0,16893.164063,1795.300049
1000.0,16432.765625,1787.203735
1020.0,16609.839844,1799.347656
1005.0,16645.253906,1756.843628
1000.0,16645.253906,1748.747314
1000.0,16503.595703,1730.531128
993.0,16078.609375,1793.275635
990.0,16114.024414,1706.243164
993.0,16397.349609,1760.891479
990.0,15936.949219,1773.035522
957.0,14945.31543,1683.978882
957.0,14520.329102,1696.123169
947.0,14874.485352,1718.387207
928.0,14449.498047,1677.90686
916.0,14166.175781,1673.859009
923.0,14343.254883,1720.411255
923.0,14909.898438,1683.978882
919.0,14449.498047,1686.00293
926.0,14520.329102,1688.026978
920.0,14378.668945,1663.738892
853.0,14555.746094,1661.714722
874.0,14839.068359,1623.258545
896.0,15405.716797,1679.93103
892.0,15051.55957,1667.786865
911.0,15157.807617,1667.786865
906.0,15547.376953,1665.762939
903.0,15547.376953,1696.123169
905.0,15689.041016,1694.099243
894.0,15618.208008,1706.243164
904.0,15901.530273,1716.363159
889.0,15866.120117,1726.483398
883.0,15936.949219,1706.243164
879.0,16149.44043,1706.243164
870.0,15689.041016,1688.026978
864.0,15405.716797,1686.00293
866.0,15228.638672,1663.738892
866.0,15122.391602,1675.882935
873.0,15264.054688,1675.882935
869.0,15299.470703,1700.171143
890.0,15476.547852,1692.075073
894.0,15476.547852,1752.795532
897.0,15547.376953,1746.723267
885.0,15618.208008,1777.083618
887.0,15653.625,1748.747314
850.0,15866.120117,1724.459229
853.0,16149.44043,1756.843628
850.0,15653.625,1742.675293
847.0,15086.975586,1744.699463
849.0,15228.638672,1748.747314
849.0,15441.132813,1760.891479
842.0,15936.949219,1752.795532
834.0,15547.376953,1696.123169
828.0,15936.949219,1683.978882
823.0,15866.120117,1708.26709
810.0,15653.625,1720.411255
792.0,15689.041016,1702.195313
767.0,15759.870117,1686.00293
775.0,16609.839844,1746.723267
787.0,16609.839844,1688.026978
819.0,16999.412109,1679.93103
811.0,17034.828125,1692.075073
820.0,17070.242188,1736.603149
816.0,16928.582031,1736.603149
808.0,16609.839844,1754.81958
816.0,16609.839844,1775.05957
819.0,16857.751953,1724.459229
822.0,16716.087891,1706.243164
822.0,17034.828125,1702.195313
818.0,17176.486328,1700.171143
820.0,17105.660156,1702.195313
825.0,17176.486328,1732.555542
845.0,16999.412109,1736.603149
826.0,16999.412109,1748.747314
827.0,17141.074219,1740.651489
830.0,16716.087891,1750.771484
817.0,16574.427734,1752.795532
811.0,16503.595703,1718.387207
812.0,16574.427734,1740.651489
800.0,16999.412109,1730.531128
803.0,16432.765625,1732.555542
804.0,16361.931641,1752.795532
800.0,16149.44043,1742.675293
800.0,15795.287109,1752.795532
795.0,16220.271484,1724.459229
779.0,15936.949219,1748.747314
768.0,15830.703125,1758.867676
805.0,16043.194336,1775.05957
822.0,16326.517578,1777.083618
818.0,16149.44043,1779.107666
820.0,16043.194336,1779.107666
816.0,16007.780273,1762.915649
820.0,16432.765625,1785.179688
835.0,16893.164063,1781.131714
850.0,16893.164063,1771.011597
846.0,16893.164063,1777.083618
835.0,16928.582031,1801.371826
815.0,17141.074219,1837.804077
818.0,17459.810547,1851.972168
819.0,17813.964844,1872.21228
819.0,17282.736328,1821.611816
806.0,17211.90625,1849.94812
783.0,17353.564453,1821.611816
802.0,17282.736328,1856.02002
806.0,17141.074219,1898.524292
807.0,17778.550781,1878.28418
810.0,18097.289063,1837.804077
804.0,18309.783203,1831.731934
807.0,18593.105469,1821.611816
805.0,18770.179688,1841.852295
800.0,18451.443359,1835.779907
801.0,19088.921875,1908.644165
786.0,19124.335938,1991.629272
789.0,18699.349609,1997.701172
795.0,18380.613281,1955.196899
794.0,18380.613281,1912.692871
780.0,18947.259766,1922.8125
772.0,19513.908203,1902.571899
780.0,19301.414063,1930.908569
769.0,20186.800781,1973.412964
774.0,20505.539063,2177.838135
777.0,20682.617188,2076.638184
790.0,21497.169922,1983.532959
797.0,21922.154297,1963.292969
791.0,22842.957031,2254.750488
778.0,22807.542969,1957.220703
776.0,22276.3125,2084.733398
782.0,23586.685547,2157.598145
782.0,23303.359375,2003.772949
784.0,22524.220703,1959.244507
762.0,23090.867188,1977.460938
780.0,22453.388672,1894.476685
778.0,23692.931641,1902.571899
759.0,22878.376953,1874.236328
754.0,22382.558594,1880.308472
723.0,21815.910156,1876.260254
710.0,21603.417969,1870.188354
732.0,21603.417969,1880.308472
728.0,23020.037109,1847.924316
689.0,22665.880859,1845.89978
698.0,22665.880859,1789.227905
682.0,22382.558594,1793.275635
683.0,21674.248047,1748.747314
685.0,20434.708984,1728.507446
688.0,21426.339844,1758.867676
707.0,21709.664063,1744.699463
702.0,21390.923828,1730.531128
699.0,20930.523438,1736.603149
696.0,21249.261719,1760.891479
693.0,21603.417969,1762.915649
689.0,20540.955078,1752.795532
679.0,20540.955078,1740.651489
680.0,20647.199219,1748.747314
655.0,19832.644531,1827.68396
657.0,19726.400391,1862.092163
657.0,20434.708984,1892.452515
657.0,20115.96875,1880.308472
648.0,20470.121094,1827.68396
633.0,20895.111328,1870.188354
633.0,21426.339844,1853.996094
619.0,21709.664063,1833.755859
627.0,21568.001953,1833.755859
621.0,21638.832031,1841.852295
621.0,22525.066406,1887.262939
671.0,22451.210938,1864.349121
691.0,23189.740234,1849.7677
701.0,23448.224609,1853.93396
707.0,23411.296875,1849.7677
708.0,23263.59375,1866.432373
699.0,23226.666016,1862.266357
700.0,23411.296875,1872.681641
699.0,23411.296875,1893.512207
696.0,23706.708984,1953.921265
676.0,24371.380859,1999.749146
689.0,24556.013672,1966.420044
684.0,23854.414063,1912.26001
670.0,24482.160156,1922.675415
670.0,24075.970703,1937.256836
665.0,24075.970703,1935.173828
662.0,23485.150391,1941.422974
662.0,23559.001953,1956.004517
650.0,23115.886719,1922.675415
650.0,23485.150391,1931.007568
651.0,23337.443359,1949.755493
665.0,23485.150391,1928.924561
665.0,23522.076172,1953.921265
664.0,23632.853516,1922.675415
667.0,24186.75,1868.515259
678.0,24334.455078,1856.016846
679.0,25036.052734,1874.764526
670.0,25885.365234,1876.847656
664.0,25848.435547,1868.515259
666.0,25109.908203,1870.598511
652.0,25109.908203,1870.598511
670.0,25146.837891,1862.266357
670.0,25146.837891,1864.349121
670.0,25294.539063,1908.09375
664.0,25294.539063,1881.013794
668.0,25294.539063,1874.764526
665.0,25442.248047,1895.595581
670.0,25626.878906,1895.595581
672.0,25368.392578,1912.26001
689.0,25183.761719,1895.595581
704.0,25442.248047,1908.09375
707.0,25479.173828,1906.010742
697.0,25183.761719,1924.758423
693.0,25442.248047,1922.675415
689.0,25479.173828,1922.675415
680.0,25442.248047,1920.592285
680.0,25774.580078,1912.26001
680.0,25700.734375,1922.675415
675.0,25848.435547,1941.422974
776.0,25737.658203,1962.254028
892.0,25109.908203,1981.001343
966.0,24149.824219,1989.333862
920.0,23817.484375,1989.333862
810.0,23928.265625,2041.4104
815.0,23632.853516,2041.4104
840.0,23854.414063,2008.081299
876.0,24002.119141,1987.250488
819.0,24002.119141,2016.413208
835.0,24149.824219,2012.247437
869.0,24888.351563,2014.330322
836.0,23965.191406,1993.499756
818.0,24002.119141,1999.749146
820.0,24999.130859,2018.496826
801.0,24629.867188,2020.579712
748.0,24149.824219,1983.084351
769.0,23928.265625,1987.250488
761.0,24334.455078,1972.668945
724.0,24112.898438,1941.422974
705.0,24334.455078,1924.758423
693.0,23928.265625,1956.004517
685.0,23891.337891,1941.422974
691.0,24334.455078,1956.004517
700.0,24260.605469,1966.420044
700.0,24297.527344,2018.496826
702.0,24039.044922,2020.579712
687.0,23891.337891,2120.566895
689.0,24186.75,2087.238281
687.0,24297.527344,2083.072021
690.0,24149.824219,2080.989014
680.0,24519.087891,2112.234863
689.0,24075.970703,2116.400879
690.0,23780.560547,2103.902588
695.0,23743.634766,2070.573486
696.0,23891.337891,2112.234863
702.0,23817.484375,2112.234863
702.0,23115.886719,2166.394775
694.0,23189.740234,2158.062256
694.0,23632.853516,2162.228516
691.0,23559.001953,2158.062256
702.0,23263.59375,2108.068604
703.0,22931.253906,2108.068604
722.0,21712.685547,2128.89917
717.0,21417.275391,2241.38501
725.0,21491.130859,2166.394775
724.0,21380.347656,2212.222412
706.0,22672.769531,2203.889893
713.0,22377.357422,2216.388428
706.0,22968.181641,2170.561035
703.0,23005.107422,2262.21582
699.0,22931.253906,2233.052979
700.0,23263.59375,2253.883789
699.0,23189.740234,2283.046875
691.0,23300.517578,2358.037354
699.0,23152.8125,2416.363037
803.0,23632.853516,2458.024902
760.0,23485.150391,2453.858643
722.0,23042.033203,2424.695557
741.0,22155.800781,2428.861572
723.0,22081.951172,2403.864746
698.0,22008.097656,2408.030762
702.0,22451.210938,2387.200439
706.0,22672.769531,2353.871582
705.0,22635.84375,2270.548584
707.0,22008.097656,2224.720703
703.0,21860.392578,2224.720703
682.0,22266.578125,2220.554688
673.0,22672.769531,2237.21875
666.0,22746.621094,2216.388428
640.0,21638.833984,2199.723877
638.0,20531.042969,2103.902588
645.0,21638.833984,2103.902588
651.0,21417.275391,1999.749146
643.0,22008.097656,2020.579712
647.0,22894.328125,2087.238281
642.0,23042.033203,2133.06543
663.0,22303.505859,2124.733398
660.0,23005.107422,2166.394775
654.0,22451.210938,2166.394775
659.0,21971.171875,2112.234863
670.0,21749.613281,2108.068604
663.0,20789.527344,2145.563721
653.0,20752.603516,2124.733398
650.0,20826.453125,2120.566895
652.0,20974.158203,2199.723877
680.0,20678.748047,2212.222412
673.0,20604.894531,2220.554688
673.0,20715.675781,2312.209961
679.0,20715.675781,2278.880859
665.0,20715.675781,2333.040283
668.0,20715.675781,2258.050049
673.0,20604.894531,2312.209961
679.0,20715.675781,2308.043457
709.0,20641.822266,2308.043457
760.0,20457.191406,2312.209961
713.0,20235.632813,2308.043457
698.0,20272.558594,2299.711182
703.0,20235.632813,2333.040283
699.0,20309.488281,2308.043457
695.0,19977.146484,2316.375977
695.0,20051.001953,2324.708252
698.0,19977.146484,2324.708252
686.0,19349.398438,2291.37915
690.0,18832.431641,2278.880859
694.0,18647.796875,2278.880859
697.0,18758.578125,2278.880859
690.0,18315.462891,2270.548584
694.0,18426.240234,2262.21582
684.0,19201.693359,2270.548584
775.0,18943.208984,2266.382324
891.0,18869.357422,2258.050049
765.0,18943.208984,2220.554688
879.0,18610.871094,2187.225342
1010.0,17983.126953,2099.736328
1000.0,17835.423828,2145.563721
1150.0,18093.904297,2174.726807
1110.0,18352.388672,2133.06543
1120.0,18758.578125,2108.068604
1120.0,18758.578125,2103.902588
1285.0,18573.947266,2091.404297
1345.0,19201.693359,2120.566895
1370.0,19312.476563,2224.720703
1370.0,19534.029297,2216.388428
1305.0,19497.103516,2199.723877
1345.0,18980.136719,2212.222412
1245.0,18758.578125,2199.723877
1255.0,19164.769531,2183.059326
1285.0,19423.251953,2153.89624
1315.0,19755.589844,2137.232178
1320.0,19570.957031,2141.398193
1235.0,19534.029297,2133.06543
1280.0,19460.179688,2158.062256
1090.0,19755.589844,2187.225342
1090.0,19570.957031,2187.225342
1100.0,19940.220703,2170.561035
1075.0,20309.488281,2145.563721
1135.0,20383.337891,2170.561035
1035.0,20198.707031,2141.398193
1015.0,19829.443359,2208.056152
1165.0,19977.146484,2228.887207
1025.0,19718.662109,2258.050049
1000.0,19201.693359,2228.887207
984.0,19127.841797,2224.720703
958.0,19238.621094,2237.21875
957.0,18869.357422,2237.21875
970.0,18684.724609,2262.21582
986.0,18647.796875,2262.21582
931.0,18684.724609,2249.717285
905.0,18500.09375,2212.222412
913.0,18832.431641,2191.391357
908.0,18943.208984,2191.391357
903.0,19201.693359,2249.717285
905.0,19386.326172,2183.059326
906.0,19718.662109,2216.388428
927.0,19755.589844,2216.388428
915.0,19718.662109,2253.883789
906.0,19570.957031,2262.21582
905.0,19423.251953,2253.883789
903.0,19238.621094,2270.548584
881.0,19312.476563,2270.548584
904.0,19201.693359,2224.720703
903.0,18906.283203,2220.554688
871.0,19312.476563,2203.889893
865.0,18980.136719,2187.225342
824.0,18758.578125,2187.225342
789.0,18426.240234,2183.059326
801.0,18241.609375,2212.222412
809.0,18278.535156,2262.21582
830.0,18500.09375,2258.050049
825.0,18463.166016,2253.883789
820.0,18463.166016,2203.889893
805.0,17872.347656,2208.056152
805.0,17983.126953,2208.056152
788.0,17872.347656,2178.893066
794.0,17835.423828,2174.726807
805.0,17872.347656,2170.561035
809.0,17761.570313,2199.723877
802.0,18278.535156,2216.388428
802.0,18684.724609,2174.726807
820.0,18721.654297,2316.375977
819.0,18647.796875,2324.708252
816.0,18610.871094,2308.043457
800.0,18020.054688,2308.043457
797.0,17909.271484,2299.711182
803.0,17983.126953,2303.877441
795.0,18130.830078,2308.043457
799.0,17983.126953,2291.37915
816.0,18056.980469,2295.544922
822.0,16690.705078,2291.37915
833.0,16247.587891,2312.209961
817.0,15767.544922,2291.37915
801.0,16136.80957,2328.874512
797.0,16432.21875,2374.70166
833.0,16210.660156,2353.871582
812.0,16616.853516,2303.877441
799.0,16912.261719,2308.043457
792.0,16764.556641,2299.711182
788.0,16838.410156,2312.209961
803.0,17109.996094,2372.155518
801.0,17109.996094,2367.873779
804.0,16877.208984,2350.746094
800.0,16644.417969,2355.028564
804.0,16838.408203,2350.746094
811.0,16838.408203,2355.028564
807.0,16722.015625,2359.310059
803.0,17187.59375,2355.028564
804.0,17032.398438,2479.202637
924.0,17032.398438,2419.256836
820.0,16838.408203,2419.256836
820.0,17032.398438,2436.384033
806.0,16916.007813,2449.229492
795.0,17148.794922,2436.384033
785.0,16722.015625,2427.820068
781.0,16217.636719,2414.974365
783.0,17303.988281,2397.846924
779.0,17109.996094,2380.719482
810.0,16877.208984,2393.56543
834.0,16489.222656,2380.719482
792.0,16217.636719,2440.665771
809.0,16605.619141,2440.665771
813.0,16411.626953,2380.719482
794.0,15868.456055,2440.665771
806.0,15946.051758,2389.283447
834.0,15907.251953,2380.719482
829.0,16528.021484,2367.873779
818.0,16838.408203,2393.56543
827.0,17226.390625,2393.56543
841.0,17071.199219,2397.846924
967.0,16916.007813,2397.846924
965.0,17226.390625,2419.256836
1080.0,17342.787109,2419.256836
1055.0,17420.380859,2402.128906
1175.0,17265.189453,2372.155518
1235.0,17032.398438,2376.437988
1230.0,17148.794922,2393.56543
1190.0,17187.59375,2410.692383
1170.0,17187.59375,2380.719482
1140.0,17653.169922,2389.283447
1110.0,17769.564453,2449.229492
1150.0,18235.142578,2440.665771
982.0,18390.337891,2359.310059
982.0,18351.539063,2355.028564
965.0,18312.740234,2389.283447
984.0,18235.142578,2376.437988
971.0,18312.740234,2380.719482
971.0,18312.740234,2372.155518
967.0,18312.740234,2376.437988
946.0,18235.142578,2389.283447
901.0,19243.896484,2440.665771
915.0,19011.105469,2522.02124
800.0,19166.300781,2654.759277
814.0,19282.693359,2633.350098
797.0,19166.300781,2689.01416
789.0,18933.511719,2680.450684
745.0,19088.703125,2611.94043
758.0,18933.511719,2569.12207
753.0,19205.097656,2633.350098
757.0,18972.310547,2641.913574
784.0,18390.337891,2560.557861
768.0,18351.539063,2599.095215
768.0,18235.142578,2633.350098
768.0,18545.53125,2586.249268
767.0,18661.925781,2594.812988
774.0,18429.134766,2586.249268
776.0,18118.748047,2581.967529
892.0,17847.162109,2590.53125
1025.0,17885.960938,2620.50415
976.0,18506.730469,2624.786133
979.0,18778.320313,2620.50415
938.0,19011.105469,2616.222656
930.0,19437.886719,2577.685547
899.0,19670.677734,2603.376709
878.0,19593.078125,2611.94043
870.0,19243.896484,2590.53125
883.0,19554.28125,2599.095215
885.0,19243.896484,2607.658447
871.0,18894.712891,2671.886719
867.0,19709.472656,2693.296143
881.0,19593.078125,2646.195557
909.0,19399.087891,2641.913574
896.0,19399.087891,2633.350098
891.0,19321.490234,2603.376709
900.0,19399.087891,2603.376709
867.0,19437.886719,2633.350098
814.0,19205.097656,2633.350098
815.0,18661.925781,2659.041504
800.0,18855.916016,2633.350098
834.0,18041.154297,2611.94043
817.0,18118.748047,2740.396484
819.0,18506.730469,2731.833008
830.0,18506.730469,2714.705566
831.0,17769.564453,2697.577881
819.0,17730.763672,2680.450684
820.0,17575.574219,2731.833008
804.0,17575.574219,2654.759277
809.0,17536.777344,2616.222656
809.0,17420.380859,2633.350098
822.0,17497.980469,2654.759277
805.0,17187.59375,2650.477295
810.0,16993.601563,2569.12207
808.0,16916.007813,2680.450684
802.0,16760.814453,2616.222656
799.0,16760.814453,2594.812988
782.0,16295.234375,2594.812988
777.0,16372.831055,2624.786133
771.0,17187.59375,2676.168457
886.0,16993.601563,2667.604736
1015.0,16993.601563,2680.450684
1165.0,17071.199219,2693.296143
1335.0,16838.408203,2693.296143
1535.0,16605.619141,2599.095215
1765.0,16683.216797,2620.50415
1825.0,16489.222656,2641.913574
1555.0,16450.425781,2654.759277
1555.0,16256.435547,2654.759277
1550.0,16101.244141,2697.577881
1525.0,16372.831055,2650.477295
1385.0,16217.636719,2620.50415
1590.0,16528.021484,2624.786133
1505.0,16644.417969,2599.095215
1545.0,17032.398438,2599.095215
1730.0,17032.398438,2663.322754
1740.0,16760.814453,2650.477295
1750.0,16760.814453,2620.50415
1740.0,16799.611328,2611.94043
1600.0,16644.417969,2586.249268
1620.0,16683.216797,2611.94043
1635.0,16528.021484,2620.50415
1740.0,16178.839844,2637.631836
1755.0,16101.244141,2624.786133
1780.0,16140.042969,2646.195557
1670.0,16256.435547,2663.322754
1625.0,16528.021484,2650.477295
1620.0,16450.425781,2659.041504
1650.0,16178.839844,2659.041504
1660.0,16683.216797,2667.604736
1905.0,16566.820313,2689.01416
1940.0,16683.216797,2671.886719
1870.0,16877.208984,2697.577881
1820.0,16760.814453,2770.369873
2090.0,16760.814453,2676.168457
2400.0,17497.980469,2633.350098
2760.0,17497.980469,2611.94043
2760.0,17730.763672,2607.658447
3170.0,18390.337891,2611.94043
3330.0,18351.539063,2629.068359
3060.0,18584.330078,2637.631836
2945.0,18584.330078,2594.812988
2870.0,18196.345703,2590.53125
2945.0,18623.126953,2500.612305
2695.0,19049.904297,2560.557861
2600.0,18312.740234,2590.53125
2870.0,18623.126953,2569.12207
2900.0,18739.521484,2603.376709
2900.0,18855.916016,2611.94043
3335.0,18584.330078,2611.94043
3335.0,18196.345703,2659.041504
3590.0,18235.142578,2701.860107
3055.0,18584.330078,2697.577881
2600.0,18506.730469,2684.732422
2670.0,18700.720703,2710.42334
2655.0,18467.935547,2693.296143
2450.0,18273.943359,2333.619385
2420.0,17924.757813,2376.437988
2445.0,17924.757813,2385.001221
2315.0,18002.357422,2389.283447
2275.0,17420.380859,2397.846924
2045.0,17381.585938,2402.128906
2050.0,17303.988281,2393.56543
2200.0,17653.169922,2376.437988
2195.0,17497.980469,2406.411133
2090.0,17730.763672,2406.411133
2085.0,17730.763672,2372.155518
2395.0,17730.763672,2397.846924
2355.0,18235.142578,2423.538086
2390.0,18351.539063,2474.92041
2270.0,18235.142578,2444.947754
2110.0,18273.943359,2526.303223
2125.0,18545.53125,2539.148682
2220.0,18312.740234,2543.430664
2245.0,17885.960938,2573.403809
2255.0,17847.162109,2551.994141
2590.0,17963.558594,2569.12207
2680.0,18506.730469,2556.276611
2700.0,18545.53125,2539.148682
2615.0,19282.693359,2629.068359
2510.0,19631.876953,2599.095215
2665.0,20019.857422,2551.994141
2630.0,19903.462891,2539.148682
2480.0,19903.462891,2547.712402
2535.0,19554.28125,2551.994141
2680.0,19127.5,2569.12207
2640.0,19166.300781,2569.12207
2580.0,19049.904297,2551.994141
2675.0,19787.070313,2547.712402
2700.0,19787.070313,2534.866943
2745.0,20989.8125,2530.584717
2595.0,20912.21875,2534.866943
2400.0,20834.621094,2492.04834
2330.0,20951.015625,2522.02124
2245.0,20834.621094,2522.02124
2205.0,20834.621094,2500.612305
2170.0,20601.832031,2517.739502
2175.0,20524.234375,2526.303223
2180.0,20524.234375,2509.175781
2080.0,20485.435547,2492.04834
1910.0,20485.435547,2487.766113
1845.0,20485.435547,2474.92041
1895.0,20834.621094,2504.894043
1930.0,20524.234375,2427.820068
1960.0,20718.226563,2397.846924
1980.0,19825.869141,2444.947754
2005.0,20175.050781,2457.793457
1930.0,20097.455078,2453.511475
1895.0,19282.693359,2453.511475
1920.0,20136.255859,2419.256836
1930.0,20485.435547,2427.820068
1930.0,20058.658203,2410.692383
1915.0,20097.455078,2389.283447
2200.0,19593.078125,2389.283447
2170.0,19515.482422,2350.746094
2140.0,19399.087891,2316.491455
2025.0,19437.886719,2320.773682
1935.0,19593.078125,2337.900635
1815.0,19127.5,2316.491455
1815.0,19476.685547,2325.055176
1845.0,19631.876953,2342.182861
1825.0,19670.677734,2389.283447
1805.0,19942.263672,2427.820068
1830.0,20019.857422,2470.638916
1830.0,19942.263672,2432.102051
1880.0,19942.263672,2427.820068
1825.0,19049.904297,2376.437988
1745.0,18894.712891,2432.102051
1740.0,19205.097656,2440.665771
1700.0,18933.511719,2389.283447
1615.0,18739.521484,2389.283447
1555.0,18623.126953,2397.846924
1620.0,18817.115234,2423.538086
1610.0,19049.904297,2376.437988
1570.0,19011.105469,2427.820068
1570.0,19127.5,2367.873779
1560.0,19321.490234,2385.001221
1520.0,18876.853516,2496.035156
1570.0,18796.015625,2478.27002
1615.0,18270.533203,2447.18042
1620.0,18634.326172,2464.945801
1700.0,18310.955078,2482.710938
1665.0,18351.375,2487.152588
1770.0,18472.640625,2487.152588
1795.0,18715.171875,2482.710938
1745.0,18593.904297,2469.386963
1700.0,18391.796875,2451.621582
1750.0,18310.955078,2478.27002
1795.0,18513.0625,2478.27002
1740.0,18189.691406,2460.504395
1730.0,18108.847656,2469.386963
1700.0,18876.853516,2469.386963
1690.0,18553.484375,2442.739014
1690.0,18472.640625,2429.414795
1770.0,18674.75,2438.297852
1745.0,18593.904297,2389.442871
2005.0,18957.699219,2464.945801
1930.0,18715.171875,2469.386963
1980.0,18796.015625,2464.945801
1850.0,18796.015625,2478.27002
1835.0,18917.277344,2487.152588
1825.0,18957.699219,2504.917725
1800.0,18998.119141,2544.889893
1830.0,18796.015625,2544.889893
1925.0,18998.119141,2536.006836
1945.0,19038.542969,2531.566162
1905.0,18715.171875,2549.331299
1815.0,18472.640625,2527.124756
1800.0,18472.640625,2527.124756
1815.0,18674.75,2593.744629
1875.0,18310.955078,2562.655273
1845.0,18593.904297,2496.035156
1845.0,18674.75,2491.59375
1875.0,18513.0625,2527.124756
1840.0,18755.589844,2522.683105
1870.0,18593.904297,2536.006836
1855.0,18472.640625,2584.862061
1880.0,18513.0625,2580.420654
1855.0,18513.0625,2611.51001
1825.0,18553.484375,2553.772705
1845.0,18634.326172,2580.420654
1825.0,18513.0625,2544.889893
1840.0,18513.0625,2553.772705
1915.0,18189.691406,2531.566162
1975.0,17421.679688,2531.566162
1925.0,17502.525391,2536.006836
1955.0,17542.945313,2580.420654
1990.0,17987.583984,2580.420654
1920.0,18149.269531,2567.096436
1875.0,18230.111328,2562.655273
1925.0,18270.533203,2558.214111
1915.0,18108.847656,2558.214111
1860.0,17866.318359,2575.979248
1850.0,17947.158203,2758.074707
1835.0,17947.158203,2709.219727
1825.0,17664.210938,2744.750244
1810.0,17745.052734,2731.42627
1850.0,17825.894531,2740.309326
1835.0,17947.158203,2726.985107
1880.0,17866.318359,2784.722412
2050.0,18310.955078,2829.135986
2110.0,18472.640625,2771.398682
2120.0,19361.916016,2726.985107
2435.0,19200.226563,2753.633301
2525.0,19483.179688,2784.722412
2540.0,19523.601563,3015.672119
2470.0,19564.019531,3095.616211
2570.0,19361.916016,3131.147217
2320.0,19402.335938,2971.258789
2355.0,19240.652344,3037.878906
2330.0,19564.019531,3122.264893
2330.0,19887.394531,3513.103027
2280.0,19846.974609,3770.700195
2450.0,19644.867188,3646.343018
2300.0,19361.916016,3641.901611
2165.0,19442.757813,3388.745117
2175.0,18917.277344,3251.063232
2210.0,18715.171875,3433.158447
2115.0,18674.75,3313.242432
2175.0,18432.21875,3295.476807
2115.0,18351.375,3286.594238
2085.0,18472.640625,3282.153076
1995.0,18674.75,3126.705566
2035.0,18270.533203,3131.147217
2135.0,18310.955078,3086.733643
2115.0,18189.691406,3197.767822
2290.0,18149.269531,3175.560791
2285.0,18876.853516,3211.091309
2330.0,19200.226563,3242.180664
2210.0,18715.171875,3535.310059
2230.0,19159.806641,4001.650635
2210.0,18634.326172,4596.790527
2255.0,17906.738281,4996.511719
2165.0,17785.474609,5374.026367
2165.0,17866.318359,5196.37207
2315.0,17906.738281,4863.271484
2660.0,17906.738281,4441.343262
2665.0,17785.474609,4436.901855
2385.0,17300.417969,4361.398926
2365.0,17623.789063,4463.549805
2135.0,17179.152344,5129.752441
2035.0,17017.464844,4441.343262
2070.0,16936.623047,4312.543945
2115.0,16896.199219,4312.543945
2160.0,16855.779297,4201.51123
2160.0,17300.417969,4228.15918
2130.0,17300.417969,4143.772949
2035.0,17745.052734,4188.186523
2180.0,17259.994141,4148.214844
2110.0,16896.199219,3975.002441
2065.0,16734.515625,3841.762451
2085.0,16815.359375,3908.382324
2120.0,17502.525391,3806.231689
2130.0,17542.945313,4028.298828
2175.0,17583.367188,4143.772949
2180.0,18028.003906,4130.449219
2155.0,18715.171875,4299.220215
2115.0,18472.640625,4361.398926
2280.0,18634.326172,4174.862305
2135.0,18230.111328,3983.885254
2105.0,18310.955078,4041.622559
2160.0,18472.640625,4290.337891
2245.0,18149.269531,4321.427246
2160.0,18836.435547,4663.410645
2110.0,18391.796875,4952.098145
2060.0,18270.533203,4352.516602
2035.0,18068.423828,4148.214844
1970.0,18189.691406,4090.477539
2010.0,18836.435547,3921.706787
1945.0,18998.119141,3979.443359
1945.0,19523.601563,4068.270508
2010.0,20049.083984,4188.186523
2010.0,19604.441406,4108.242676
1970.0,20129.921875,4197.069824
1980.0,20049.083984,4197.069824
1990.0,19887.394531,4197.069824
1955.0,19361.916016,4086.035645
1930.0,19200.226563,3979.443359
1900.0,18998.119141,4041.622559
1810.0,18351.375,3823.996582
1825.0,18755.589844,3695.197754
1810.0,18391.796875,3695.197754
1765.0,18270.533203,3508.661621
1720.0,18068.423828,3597.488525
1675.0,18108.847656,3477.572266
1765.0,18472.640625,3575.281738
1765.0,18513.0625,3570.840332
1805.0,18634.326172,3615.253418
1805.0,18553.484375,3601.929443
1905.0,18108.847656,3748.494141
1810.0,18230.111328,3766.259521
1690.0,18674.75,3681.873779
1765.0,18513.0625,3681.873779
1765.0,18513.0625,3681.873779
1760.0,18755.589844,3619.695068
1715.0,18715.171875,3464.248291
1595.0,18351.375,3242.180664
1520.0,18270.533203,3082.29248
1400.0,17502.525391,2904.638672
1500.0,17583.367188,2882.431641
1560.0,17300.417969,3011.230713
1710.0,17906.738281,3095.616211
1690.0,17825.894531,3175.560791
1710.0,17866.318359,3117.823242
1830.0,17866.318359,3095.616211
1775.0,17704.630859,3020.113525
1770.0,17583.367188,3015.672119
1745.0,17502.525391,3108.94043
1690.0,17502.525391,3104.499023
1730.0,17623.789063,3064.526855
1680.0,17745.052734,2975.700195
1705.0,18028.003906,3028.996582
1730.0,18310.955078,3028.996582
1785.0,18230.111328,3073.409668
1735.0,18230.111328,3086.733643
1740.0,18472.640625,3122.264893
1860.0,18391.796875,3264.387207
1785.0,18189.691406,3206.650146
1780.0,18553.484375,3299.918457
2310.0,18432.21875,3277.71167
3000.0,18351.375,3264.387207
3900.0,18270.533203,3131.147217
3000.0,18310.955078,3153.354004
3125.0,18270.533203,3157.795166
3050.0,18432.21875,3082.29248
3015.0,19159.806641,3064.526855
2925.0,19159.806641,3073.409668
2955.0,19078.962891,3135.588379
2855.0,18836.435547,3135.588379
2650.0,18917.277344,3122.264893
2810.0,18634.326172,3051.202881
2880.0,18755.589844,3060.085938
2920.0,18836.435547,3086.733643
2805.0,18917.277344,3055.644287
2980.0,18836.435547,3077.851318
3270.0,18715.171875,3100.058105
3370.0,18472.640625,3108.94043
3230.0,18593.904297,3126.705566
3220.0,18553.484375,3153.354004
2860.0,18432.21875,3100.058105
2890.0,18513.0625,3126.705566
2920.0,18553.484375,3126.705566
2945.0,18513.0625,3104.499023
2810.0,18553.484375,3108.94043
2760.0,18593.904297,3091.175293
2880.0,18513.0625,3095.616211
2945.0,18472.640625,3095.616211
2875.0,18674.75,3082.29248
2965.0,18553.484375,3046.761963
3040.0,18593.904297,3353.214844
3085.0,18351.375,3317.683594
2950.0,18270.533203,3228.857178
2900.0,18189.691406,3242.180664
2910.0,17906.738281,3331.008057
3400.0,17421.679688,3264.387207
3150.0,17623.789063,3184.443604
2920.0,18189.691406,3148.912598
3080.0,18836.435547,3171.119385
3180.0,18796.015625,3171.119385
3300.0,18957.699219,3259.946533
3240.0,19038.542969,3286.594238
3095.0,19038.542969,3375.421143
3150.0,19038.542969,3326.566406
3045.0,18917.277344,3331.008057
3065.0,19240.652344,3370.97998
3145.0,19442.757813,3370.97998
3080.0,19523.601563,3299.918457
3070.0,19887.394531,3344.331787
2930.0,19846.974609,3331.008057
2945.0,20049.083984,3313.242432
2950.0,20008.660156,3299.918457
2905.0,20089.501953,3308.801025
2670.0,19968.238281,3295.476807
2810.0,19523.601563,3233.298096
2840.0,19564.019531,3233.298096
2915.0,19119.386719,3197.767822
2705.0,19281.070313,3104.499023
2700.0,19119.386719,3140.030029
2685.0,19402.335938,3175.560791
2765.0,19281.070313,3193.326172
2685.0,19725.707031,3233.298096
2705.0,19725.707031,3233.298096
2560.0,19725.707031,3157.795166
2500.0,19523.601563,3180.001953
2530.0,19483.179688,3224.415283
2595.0,19361.916016,3268.829102
2670.0,19572.830078,3341.875244
2645.0,19741.558594,3319.04834
2500.0,19235.367188,3332.744629
2410.0,19910.291016,3341.875244
2500.0,19994.65625,3478.837891
2505.0,22399.076172,3597.538086
2415.0,23200.552734,3798.415283
2415.0,23538.011719,3666.019043
2470.0,23622.376953,3643.192383
2505.0,23580.195313,3739.06543
2600.0,23580.195313,3652.323242
2560.0,23284.917969,3638.626953
2670.0,23031.820313,3620.365234
2825.0,24339.486328,3661.454102
2680.0,24592.583984,3638.626953
2630.0,23833.292969,3606.668945
2845.0,23453.646484,3624.93042
2900.0,23748.927734,3766.458252
2860.0,23327.099609,3807.546631
2780.0,23580.195313,3798.415283
2825.0,24845.681641,3949.074707
2720.0,25098.777344,3971.901611
2750.0,25858.068359,4026.686768
2885.0,25942.433594,3903.419678
2805.0,26068.982422,3894.289551
2845.0,25267.511719,4040.382568
2845.0,25942.433594,4063.209961
2690.0,26195.53125,3926.246826
2690.0,25815.886719,3638.626953
2780.0,26153.347656,3652.323242
2910.0,26406.447266,3656.888428
3025.0,25815.886719,3656.888428
3030.0,26153.347656,3798.415283
2945.0,25478.423828,3798.415283
3040.0,25815.886719,3857.766113
2995.0,25604.972656,3834.938965
3000.0,24761.316406,3821.242676
2905.0,25604.972656,3743.630859
2880.0,25647.15625,3739.06543
2880.0,24845.681641,3761.892822
2885.0,24466.035156,3857.766113
2860.0,24423.851563,3935.37793
2900.0,23917.658203,4026.686768
2915.0,24634.767578,3907.985596
2930.0,24761.316406,3985.597656
2980.0,25183.142578,3967.335938
3015.0,25014.410156,3949.074707
2945.0,24550.402344,3921.681641
2930.0,24676.951172,3939.943359
2885.0,26406.447266,3949.074707
2860.0,25858.068359,3949.074707
2870.0,26364.263672,4086.036133
2835.0,26490.8125,4387.352539
2880.0,26195.53125,4428.441406
2875.0,26575.175781,4355.394531
2905.0,26490.8125,4245.825195
2875.0,25520.607422,4200.171387
2880.0,25647.15625,4168.213379
2900.0,25731.521484,4172.77832
2875.0,25731.521484,4140.820801
2840.0,24887.863281,4177.344238
2760.0,24381.669922,4163.647461
2670.0,22736.541016,4177.344238
2735.0,23074.001953,4337.132813
2700.0,23200.552734,4309.740723
2740.0,23453.646484,4273.218262
2680.0,22905.271484,4268.652832
2600.0,23453.646484,4232.128906
2575.0,23242.734375,4227.562988
2565.0,22483.443359,4131.689941
2580.0,22356.894531,4044.947754
2650.0,23031.820313,4095.166992
2620.0,22652.173828,4090.601074
2620.0,22736.541016,4090.601074
2630.0,23031.820313,4095.166992
2680.0,22863.085938,4090.601074
2650.0,22820.904297,4090.601074
2685.0,23369.283203,4063.209961
2640.0,24128.572266,4067.775146
2600.0,23706.744141,4090.601074
2680.0,23538.011719,4140.820801
2650.0,23580.195313,4273.218262
2625.0,23284.917969,4286.913574
2610.0,22778.722656,4286.913574
2580.0,22019.431641,4154.51709
2500.0,23074.001953,4140.820801
2535.0,23031.820313,4268.652832
2550.0,22820.904297,4241.260254
2555.0,23116.1875,4245.825195
2515.0,22694.357422,4232.128906
2520.0,22399.076172,4099.732422
2485.0,22356.894531,4159.08252
2465.0,21724.152344,4122.558594
2480.0,21724.152344,4469.529785
2485.0,21217.957031,4656.711426
2470.0,21935.066406,4907.808594
2360.0,21597.603516,4793.67334
2235.0,21344.505859,4560.837891
2245.0,20880.498047,4419.310547
2285.0,21302.322266,4460.399414
2315.0,21091.410156,4451.268555
2330.0,21175.775391,4547.141602
2355.0,21217.957031,4565.403809
2380.0,20838.314453,4930.63623
2320.0,20543.033203,4770.84668
3015.0,20753.947266,4702.365723
3070.0,20711.765625,4953.462891
2870.0,21217.957031,4930.63623
2900.0,21344.505859,4884.982422
3000.0,20880.498047,4588.22998
2945.0,20838.314453,4542.576172
3050.0,21007.042969,4611.057129
2880.0,20669.582031,4551.707031
2790.0,20627.398438,4565.403809
2885.0,20711.765625,4702.365723
3020.0,20627.398438,4633.884766
2895.0,20374.300781,4611.057129
2815.0,20289.939453,4588.22998
2685.0,19783.742188,4277.782715
2715.0,19952.474609,4282.348633
2750.0,20036.837891,4419.310547
2775.0,20247.753906,4515.18457
2815.0,20121.205078,5021.943359
2880.0,20079.023438,5090.424805
2935.0,20121.205078,5021.943359
2910.0,20247.753906,4953.462891
2840.0,20332.119141,4725.192871
2900.0,20332.119141,4930.63623
2855.0,20289.939453,4793.67334
2845.0,20711.765625,4770.84668
2900.0,20500.849609,4862.154785
2875.0,20543.033203,4725.192871
2870.0,20289.939453,4748.02002
2920.0,20416.482422,4656.711426
2850.0,20247.753906,4656.711426
3030.0,20163.390625,4656.711426
2980.0,19868.107422,4679.539063
2940.0,19699.375,4560.837891
2985.0,19741.558594,4588.22998
3000.0,19530.646484,4519.75
2945.0,19741.558594,4556.272461
3080.0,19615.013672,4538.010742
2985.0,19615.013672,4588.22998
2875.0,18982.269531,4556.272461
2850.0,18940.085938,4533.445313
2860.0,19150.998047,4442.137695
2930.0,19235.367188,4451.268555
2940.0,19235.367188,4510.618652
2935.0,19066.634766,4524.314941
2950.0,19066.634766,4460.399414
2870.0,19404.099609,4487.791992
2925.0,19150.998047,4515.18457
2975.0,19235.367188,4451.268555
2895.0,19108.816406,4423.876465
3020.0,19319.732422,4442.137695
3040.0,18855.720703,4474.095703
3145.0,18982.269531,4446.703125
3160.0,18391.708984,4451.268555
3130.0,18012.064453,4496.922363
3085.0,17969.880859,4437.572266
3115.0,18476.074219,4423.876465
3095.0,18307.34375,4341.698242
3000.0,18349.527344,4323.4375
3065.0,18391.708984,4108.862793
3125.0,18644.808594,4264.086914
3105.0,18476.074219,4227.562988
3150.0,18433.894531,4209.302246
2835.0,18644.808594,4254.956543
2660.0,18897.902344,4200.171387
2585.0,18897.902344,4241.260254
2585.0,19235.367188,4177.344238
2390.0,19404.099609,4122.558594
2420.0,19446.279297,4122.558594
2310.0,19488.462891,3939.943359
2370.0,19446.279297,4017.555664
2420.0,19150.998047,4113.428711
2350.0,19193.183594,4163.647461
2365.0,19446.279297,4181.90918
2340.0,19572.830078,4291.479004
2395.0,19404.099609,4291.479004
2370.0,19530.646484,4222.997559
2340.0,19488.462891,4222.997559
2340.0,19193.183594,4227.562988
2325.0,19193.183594,4332.567871
2330.0,19024.453125,4236.694336
2315.0,19108.816406,4209.302246
2300.0,18771.355469,4181.90918
2310.0,18433.894531,4181.90918
2260.0,18560.439453,4140.820801
2250.0,18729.171875,4140.820801
2230.0,18686.990234,4099.732422
2250.0,18855.720703,4063.209961
2220.0,18560.439453,4058.644043
2250.0,18265.160156,4026.686768
2215.0,18138.613281,3971.901611
2175.0,18222.978516,3921.681641
2155.0,17927.699219,3944.508789
2115.0,18012.064453,3944.508789
2100.0,18096.429688,3880.592773
2060.0,17801.150391,3812.111816
2020.0,17505.869141,3656.888428
1980.0,17126.226563,3666.019043
2035.0,17505.869141,3684.280762
1965.0,18222.978516,3711.673096
1900.0,18560.439453,3570.145752
1905.0,18096.429688,3542.753174
1835.0,17885.515625,3378.398926
1860.0,17969.880859,3369.267822
1920.0,17885.515625,3392.094971
1915.0,18012.064453,3424.052979
1935.0,18138.613281,3378.398926
1885.0,17969.880859,3195.782715
1940.0,18265.160156,3382.964111
1940.0,18138.613281,3538.187988
1920.0,18180.792969,3551.884033
1885.0,17885.515625,3547.318604
1930.0,17843.332031,3551.884033
1940.0,17801.150391,3597.538086
1885.0,17674.601563,3666.019043
1845.0,17632.417969,3643.192383
1840.0,17632.417969,3643.192383
1810.0,17590.236328,3602.10376
1740.0,17548.054688,3515.36084
1760.0,17927.699219,3638.626953
1750.0,17927.699219,3643.192383
1770.0,18180.792969,3629.496094
1800.0,18349.527344,3606.668945
1790.0,18096.429688,3592.972656
1795.0,17758.96875,3620.365234
1730.0,17843.332031,3592.972656
1740.0,18433.894531,3624.93042
1750.0,18265.160156,3602.10376
1755.0,18476.074219,3524.491699
1775.0,18518.257813,3574.710938
1915.0,18391.708984,3615.799561
1905.0,18518.257813,3647.757568
1910.0,18349.527344,3679.715332
2020.0,18476.074219,3693.411377
1945.0,18391.708984,3821.242676
1945.0,18560.439453,3821.242676
1945.0,18771.355469,3834.938965
1915.0,18644.808594,3866.896973
1875.0,18686.990234,3853.200684
1895.0,18644.808594,3834.938965
1880.0,18813.539063,3857.766113
1955.0,18897.902344,3857.766113
1915.0,18722.107422,3932.132324
2485.0,18546.314453,3908.893066
2500.0,18370.519531,3857.765869
2470.0,18722.107422,3843.822266
2495.0,18546.314453,3848.469727
2455.0,18722.107422,3834.526367
2325.0,18766.058594,3913.540771
2310.0,18634.212891,3918.188721
2275.0,18282.625,3890.30127
2305.0,18414.470703,3867.061523
2210.0,18370.519531,3825.230713
2275.0,18414.470703,3820.58252
2280.0,18414.470703,3834.526367
2350.0,18590.263672,3834.526367
2280.0,18590.263672,3834.526367
2305.0,18546.314453,3788.047119
2235.0,18590.263672,3783.39917
2080.0,18634.212891,3774.103271
2105.0,18458.417969,3746.216064
2225.0,18282.625,3829.878662
2135.0,18238.675781,3918.188721
2100.0,18282.625,3983.259521
2175.0,18282.625,3932.132324
2180.0,17974.982422,3834.526367
2160.0,18062.880859,3853.11792
2265.0,17974.982422,3876.357422
2290.0,18062.880859,3876.357422
2255.0,18106.828125,3894.949219
2300.0,17974.982422,3913.540771
2295.0,18062.880859,3918.188721
2310.0,18062.880859,3885.65332
2335.0,18062.880859,3867.061523
2330.0,18238.675781,3997.203125
2335.0,18106.828125,3997.203125
2335.0,18018.931641,3978.611816
2410.0,17974.982422,3997.203125
2345.0,18458.417969,3973.963379
2325.0,18414.470703,3932.132324
2365.0,18546.314453,3927.484619
2245.0,18810.005859,3950.724121
2110.0,18810.005859,4057.626465
2135.0,18546.314453,4085.51416
2115.0,18282.625,4066.922119
2020.0,18018.931641,4011.146973
1985.0,17843.138672,3987.907227
2055.0,18018.931641,3950.724121
2030.0,18150.775391,3913.540771
2030.0,18062.880859,3885.65332
2135.0,18106.828125,3885.65332
2130.0,18018.931641,3839.174316
2120.0,17974.982422,3829.878662
2035.0,17887.087891,3801.990967
2055.0,17931.033203,3829.878662
2075.0,18062.880859,3834.526367
2045.0,18018.931641,3853.11792
2120.0,17931.033203,3839.174316
2130.0,17931.033203,3811.286865
2230.0,17887.087891,3801.990967
2470.0,18194.726563,3792.695068
2345.0,18282.625,3820.58252
2340.0,18106.828125,3829.878662
2325.0,17887.087891,3834.526367
2275.0,17931.033203,3834.526367
2215.0,17887.087891,3848.469727
2140.0,17931.033203,3885.65332
1990.0,17974.982422,3904.244873
2020.0,17887.087891,3922.836914
1995.0,17887.087891,3927.484619
2010.0,17974.982422,3973.963379
2150.0,17711.291016,3969.315674
2005.0,17535.498047,3950.724121
2000.0,17535.498047,3936.780518
2020.0,17667.34375,3960.019775
1995.0,17491.548828,3946.076172
1995.0,17579.445313,3978.611816
2010.0,17579.445313,3987.907227
2000.0,17887.087891,3983.259521
2015.0,17887.087891,3927.484619
2005.0,17931.033203,3913.540771
2005.0,17931.033203,3894.949219
2045.0,18194.726563,3932.132324
2090.0,18238.675781,3913.540771
2055.0,18282.625,3871.709473
2070.0,18370.519531,3881.005371
2060.0,18458.417969,3890.30127
2075.0,18414.470703,3876.357422
2040.0,18941.853516,3918.188721
2090.0,18985.802734,3904.244873
2085.0,19073.697266,3922.836914
2075.0,19073.697266,3857.765869
2100.0,19205.544922,3871.709473
2065.0,19249.490234,3806.638672
2110.0,19996.621094,3736.92041
2060.0,19996.621094,3750.864014
2055.0,20831.642578,3750.864014
2065.0,20875.589844,3778.751465
2055.0,21051.384766,3769.455566
2050.0,21359.025391,3788.047119
2050.0,21271.128906,3825.230713
2035.0,21139.285156,3853.11792
2040.0,21139.285156,3853.11792
2040.0,21007.4375,3862.413574
2040.0,21271.128906,3913.540771
2040.0,20963.488281,3894.949219
2030.0,21315.076172,3885.65332
2010.0,21227.179688,3964.668213
2000.0,21007.4375,4006.499268
2000.0,20919.541016,4043.682861
2000.0,21227.179688,4034.386719
2000.0,20699.796875,3997.203125
1985.0,20524.001953,4113.401367
1980.0,20919.541016,4169.175781
1985.0,20963.488281,4136.641113
1975.0,21227.179688,4108.753418
1995.0,20787.695313,4104.105469
1955.0,20655.845703,3987.907227
1925.0,20524.001953,3955.372314
1950.0,20875.589844,4020.443115
1950.0,20524.001953,4131.993164
1930.0,20304.257813,4127.345215
1930.0,20304.257813,4099.458008
1925.0,20524.001953,3978.611816
1935.0,20611.898438,3978.611816
1930.0,20480.054688,3997.203125
1925.0,20524.001953,4034.386719
1925.0,20304.257813,4043.682861
1880.0,20348.208984,3950.724121
1910.0,20392.158203,4020.443115
1880.0,20128.464844,3973.963379
1865.0,19117.648438,3964.668213
1855.0,19249.490234,3927.484619
1835.0,18985.802734,3867.061523
1805.0,19908.720703,3815.93457
1775.0,19557.132813,3862.413574
1780.0,19732.927734,3843.822266
1805.0,19996.621094,3876.357422
1840.0,19996.621094,3890.30127
1830.0,19864.773438,3899.596924
1820.0,19645.03125,3908.893066
1790.0,20436.107422,3890.30127
1790.0,20304.257813,3918.188721
1785.0,20304.257813,3936.780518
1770.0,20963.488281,3936.780518
1745.0,20963.488281,3885.65332
1725.0,21051.384766,3792.695068
1710.0,21227.179688,3881.005371
1735.0,21051.384766,3839.174316
1700.0,21007.4375,3764.807861
1705.0,21007.4375,3774.103271
1730.0,20787.695313,3783.39917
1820.0,20831.642578,3820.58252
1750.0,20655.845703,3783.39917
1775.0,20919.541016,3783.39917
1730.0,20743.746094,3718.328857
1670.0,21227.179688,3667.201904
1705.0,22809.330078,3699.737305
1760.0,22633.535156,3695.089355
1770.0,22545.638672,3695.089355
1730.0,22677.484375,3722.976807
1780.0,22765.380859,3718.328857
1820.0,22545.638672,3695.089355
1820.0,22985.125,3699.737305
1805.0,22809.330078,3722.976807
1830.0,22721.433594,3681.145508
1840.0,22721.433594,3755.511719
1835.0,22809.330078,3778.751465
1850.0,22941.177734,3732.272461
1855.0,21842.460938,3769.455566
1800.0,21842.460938,3685.793457
1795.0,21578.769531,3634.66626
1795.0,21578.769531,3620.722412
1795.0,22677.484375,3625.370361
1795.0,22150.103516,3681.145508
1820.0,21974.306641,3676.497559
1840.0,21666.666016,3643.962158
1975.0,22018.255859,3537.060303
2000.0,22281.947266,3537.060303
2030.0,22237.998047,3541.708252
2030.0,21842.460938,3546.355957
1975.0,21666.666016,3546.355957
1895.0,22150.103516,3676.497559
1810.0,22413.792969,3657.905762
1710.0,22369.845703,3355.791748
1710.0,22369.845703,3355.791748
1720.0,22677.484375,3369.735352
1730.0,22941.177734,3420.862305
1750.0,23116.96875,3458.045898
1725.0,23468.558594,3397.622803
1735.0,23644.355469,3434.805908
1750.0,23292.765625,3499.876709
1715.0,23512.507813,3495.22876
1725.0,22325.896484,3471.989502
1775.0,22237.998047,3499.876709
1765.0,22106.150391,3490.581055
1760.0,22237.998047,3546.355957
1810.0,22633.535156,3578.891357
1815.0,22941.177734,3564.94751
1815.0,23204.867188,3564.94751
1815.0,23248.816406,3555.651855
1800.0,23424.611328,3513.820557
1815.0,23864.095703,3527.76416
1820.0,23644.355469,3499.876709
1830.0,23380.662109,3485.93335
1850.0,22985.125,3551.00415
1945.0,22106.150391,3555.651855
1920.0,22106.150391,3560.299561
1925.0,22194.050781,3564.94751
1915.0,22501.691406,3564.94751
1925.0,22985.125,3611.426758
1930.0,22633.535156,3797.343262
1875.0,22369.845703,3941.428467
1905.0,22457.740234,3881.005371
1870.0,22194.050781,4643.262695
1825.0,22106.150391,4480.585449
1825.0,21930.357422,4350.444824
1875.0,22106.150391,4276.077637
1910.0,21974.306641,4359.740234
1870.0,22106.150391,4359.740234
1845.0,21798.515625,4429.458496
1880.0,21271.128906,4420.162598
1870.0,21183.230469,4345.796875
1865.0,21578.769531,4090.161865
1930.0,21315.076172,4043.682861
1875.0,20699.796875,3964.668213
1890.0,20831.642578,3927.484619
1870.0,20392.158203,4071.570313
1840.0,21051.384766,4187.767578
1825.0,21402.972656,4187.767578
1865.0,20963.488281,4062.27417
1850.0,20831.642578,3894.949219
1790.0,20524.001953,3946.076172
1780.0,20963.488281,4001.85083
1860.0,20743.746094,3987.907227
1860.0,20524.001953,3997.203125
1840.0,20787.695313,4020.443115
1830.0,21095.335938,4011.146973
1815.0,21227.179688,3964.668213
1755.0,21227.179688,3885.65332
1735.0,21490.873047,3746.216064
1775.0,21490.873047,3704.38501
1700.0,21402.972656,3709.033203
1725.0,22039.15625,3794.297852
1735.0,21902.832031,4040.619629
1765.0,22175.480469,4272.72998
1755.0,22539.013672,4182.727539
1760.0,22311.804688,4054.830566
1750.0,22175.480469,4116.410156
1775.0,21675.623047,4097.462891
1770.0,22266.363281,3988.512939
1790.0,22539.013672,4168.51709
1835.0,22629.896484,4258.519043
1825.0,22266.363281,4310.625488
1770.0,20812.234375,4429.049316
1750.0,21402.972656,4519.05127
1765.0,21084.884766,4462.208008
1765.0,20903.119141,4609.053223
1785.0,20812.234375,4594.842285
1800.0,20812.234375,4613.790039
1810.0,20948.560547,4599.579102
1800.0,21312.091797,4675.371094
1800.0,20903.119141,4708.529785
1845.0,21175.767578,4736.951172
1855.0,21357.533203,4879.059082
1830.0,21084.884766,4855.375488
1795.0,20903.119141,5044.853027
1865.0,20948.560547,5068.538086
1830.0,20675.910156,6584.361816
1820.0,20312.376953,7744.915039
1765.0,19903.402344,6939.633789
1740.0,19812.519531,6158.036621
1760.0,20039.728516,8005.447266
1720.0,20176.052734,8171.240723
1735.0,19948.845703,7579.121582
1715.0,19857.960938,7342.274414
1730.0,19812.519531,7105.426758
1745.0,19948.845703,7176.480957
1765.0,19721.636719,7176.480957
1755.0,19994.287109,7271.220215
1760.0,20085.169922,7744.915039
1775.0,20130.611328,8123.87207
1860.0,20448.701172,8005.447266
1815.0,20312.376953,7626.491699
1780.0,19994.287109,7815.969238
1775.0,19539.871094,7626.491699
1750.0,19085.455078,7105.426758
1750.0,19176.337891,9237.054688
1795.0,18994.570313,9568.640625
1810.0,19176.337891,10847.619141
1830.0,19176.337891,10847.619141
1830.0,19358.103516,10823.933594
1830.0,19130.896484,10468.662109
1875.0,19267.220703,9923.912109
1870.0,19176.337891,9758.118164
1865.0,19176.337891,9900.228516
1875.0,19176.337891,9805.488281
1825.0,19994.287109,10089.706055
1860.0,20312.376953,10302.868164
1835.0,19994.287109,10113.390625
1780.0,19403.544922,13145.040039
1815.0,20221.494141,12576.604492
1850.0,20675.910156,15702.993164
1810.0,20812.234375,16247.744141
1815.0,20312.376953,15868.786133
1860.0,20403.259766,15916.157227
1875.0,20539.585938,16579.328125
1915.0,20948.560547,16816.175781
1900.0,20312.376953,16555.642578
2040.0,20266.935547,17431.980469
2105.0,20312.376953,18237.261719
2005.0,19812.519531,23684.755859
1925.0,19630.753906,26526.927734
2000.0,19494.429688,26574.294922
1930.0,19176.337891,24016.341797
1995.0,18721.921875,23116.322266
2050.0,18812.804688,23092.638672
2045.0,18903.6875,22689.994141
2245.0,19176.337891,21363.648438
2245.0,18994.570313,17242.501953
2230.0,18858.246094,18166.208984
2200.0,19267.220703,17289.871094
2150.0,19767.078125,17739.882813
2130.0,19448.986328,17053.023438
2110.0,19585.3125,17147.763672
2200.0,19676.195313,17692.511719
2295.0,19812.519531,15987.209961
2320.0,19539.871094,14897.711914
2175.0,19494.429688,14447.701172
2145.0,19585.3125,13855.582031
2040.0,19130.896484,13642.419922
2020.0,19176.337891,14352.961914
2080.0,19085.455078,14210.853516
2080.0,19448.986328,14400.331055
2150.0,19448.986328,13310.833008
2070.0,19585.3125,12552.920898
1960.0,19176.337891,11629.214844
1960.0,19040.013672,11913.432617
1975.0,19085.455078,11866.063477
1990.0,18858.246094,12647.660156
1945.0,18631.039063,11273.943359
1885.0,18312.949219,10894.987305
1805.0,18267.507813,10918.671875
1945.0,18312.949219,10563.400391
1870.0,18494.714844,10516.032227
1855.0,18267.507813,10752.878906
1935.0,18312.949219,10752.878906
1900.0,18358.390625,10871.302734
1865.0,18540.15625,10318.572266
1900.0,18494.714844,10367.59082
1890.0,19085.455078,11029.353516
1885.0,18858.246094,10686.216797
1895.0,18949.128906,10392.100586
1925.0,18812.804688,11078.373047
1905.0,18767.363281,14387.177734
1885.0,18721.921875,13651.887695
1790.0,18403.832031,12205.816406
1760.0,18085.742188,10931.313477
1775.0,18267.507813,11004.842773
1750.0,17903.974609,10245.042969
1755.0,17722.208984,10343.081055
1765.0,18222.066406,10245.042969
1835.0,17994.857422,11274.449219
1765.0,17949.416016,11274.449219
1715.0,18540.15625,10392.100586
1700.0,17858.533203,10539.15918
1610.0,17267.792969,11960.719727
1620.0,16404.402344,12058.759766
1615.0,16404.402344,12745.030273
1610.0,16086.310547,14362.667969
1605.0,16404.402344,13480.319336
1580.0,16268.079102,13039.144531
1610.0,16586.169922,12892.087891
1620.0,17495.001953,12401.893555
1620.0,17131.466797,12941.107422
1605.0,17222.351563,12745.030273
1605.0,16767.935547,12450.913086
1680.0,16813.376953,12156.796875
1655.0,16722.494141,11421.506836
1695.0,16449.84375,11004.842773
1690.0,16495.287109,11323.467773
1645.0,16586.169922,10294.061523
1645.0,16631.611328,10343.081055
1670.0,16358.961914,10980.333008
1680.0,16222.635742,10784.255859
1705.0,16404.402344,10612.6875
1705.0,16495.287109,10441.120117
1690.0,16540.728516,10612.6875
1670.0,16404.402344,10882.293945
1695.0,16268.079102,10539.15918
1700.0,16449.84375,10808.765625
1700.0,16268.079102,11004.842773
1675.0,16313.520508,11519.545898
1665.0,16222.635742,11151.901367
1665.0,15949.987305,11298.958984
1665.0,16268.079102,11225.429688
1625.0,15995.428711,10514.649414
1635.0,15904.545898,10612.6875
1620.0,14950.273438,10367.59082
1635.0,14995.713867,11004.842773
1735.0,14950.273438,11053.862305
1770.0,15086.597656,11347.978516
1750.0,15222.921875,11323.467773
1790.0,15086.597656,12230.326172
1780.0,15177.480469,12990.125
1710.0,15041.155273,13725.416992
1700.0,15222.921875,13382.28125
1700.0,15268.364258,13921.493164
1730.0,15359.24707,13970.512695
1730.0,15268.364258,14117.571289
1715.0,15359.24707,13896.984375
1745.0,14995.713867,13774.436523
1740.0,15132.039063,14313.648438
1735.0,15132.039063,13798.945313
1740.0,15177.480469,13431.299805
1750.0,15086.597656,13014.635742
1780.0,15086.597656,13161.693359
1740.0,15086.597656,13308.751953
1750.0,15541.013672,13872.473633
1745.0,15450.129883,13774.436523
1730.0,15313.805664,13284.242188
1780.0,15359.24707,13700.907227
1755.0,15041.155273,13308.751953
1705.0,15086.597656,13259.732422
1780.0,15086.597656,13480.319336
1870.0,15177.480469,17524.416016
1835.0,15313.805664,17892.060547
1860.0,15541.013672,18308.726563
1865.0,15268.364258,15759.71875
1860.0,14950.273438,16127.365234
1780.0,15086.597656,14852.861328
1865.0,14904.832031,14926.390625
1745.0,14813.949219,13995.022461
1660.0,14223.208008,12941.107422
1685.0,14359.533203,13725.416992
1680.0,14586.740234,13161.693359
1725.0,14450.416016,13627.37793
1770.0,14677.624023,13627.37793
1880.0,14632.182617,13676.397461
1800.0,14541.298828,14534.236328
2140.0,14768.507813,14926.390625
2180.0,14404.974609,13970.512695
2110.0,14723.06543,13137.18457
2180.0,14723.06543,12352.874023
1980.0,14495.857422,11053.862305
1730.0,14177.766602,9950.926758
1805.0,14041.441406,10441.120117
1900.0,14314.091797,10759.74707
1915.0,14223.208008,11421.506836
2010.0,14268.650391,11838.171875
2050.0,13905.117188,12426.404297
2170.0,14086.882813,12205.816406
2180.0,14177.766602,12181.306641
2165.0,14223.208008,12401.893555
2045.0,14268.650391,12401.893555
2085.0,14314.091797,12107.77832
2035.0,14268.650391,12622.481445
2070.0,14359.533203,12254.835938
2050.0,14541.298828,11985.230469
2125.0,15450.129883,11960.719727
2055.0,15450.129883,12426.404297
2000.0,15541.013672,12794.048828
1965.0,15722.779297,12646.991211
1900.0,15995.428711,12303.855469
1880.0,15949.987305,11960.719727
1935.0,16086.310547,12303.855469
1960.0,15904.545898,12254.835938
1915.0,15859.104492,11936.210938
1895.0,15949.987305,11985.230469
1990.0,15904.545898,11617.584961
2125.0,16040.869141,11764.642578
2065.0,16131.751953,11617.584961
2680.0,16222.635742,11274.449219
2875.0,15768.22168,10539.15918
2745.0,16040.869141,10686.216797
2770.0,15995.428711,10931.313477
2590.0,15995.428711,10612.6875
2560.0,16177.193359,10661.707031
2680.0,16268.079102,11004.842773
2875.0,16404.402344,10465.629883
2925.0,16358.961914,9999.947266
2705.0,16495.287109,9681.320313
2680.0,16313.520508,9975.436523
2635.0,16540.728516,9877.398438
2615.0,16358.961914,9999.947266
2550.0,16131.751953,9901.907227
2425.0,15949.987305,9436.223633
2480.0,16140.43457,9731.875977
2490.0,15807.151367,10150.71582
2500.0,15521.479492,10052.165039
2520.0,15426.255859,9805.789063
2610.0,16045.210938,10126.078125
2605.0,15949.987305,10126.078125
2475.0,15807.151367,10002.889648
2470.0,15902.375,10199.991211
2440.0,15854.763672,10076.802734
2465.0,15664.31543,10175.353516
2525.0,15521.479492,9928.977539
2460.0,15473.868164,10027.527344
2560.0,15616.704102,10249.266602
2465.0,15188.196289,10397.092773
2435.0,15331.032227,10249.266602
2400.0,15331.032227,10052.165039
2440.0,15378.644531,10249.266602
2440.0,15473.868164,10347.816406
2535.0,15426.255859,10766.657227
2550.0,15521.479492,10766.657227
2520.0,15759.539063,10914.483398
2505.0,15854.763672,10643.46875
2460.0,15807.151367,10717.381836
2555.0,16092.823242,11111.583984
2590.0,15949.987305,10791.294922
2570.0,16426.105469,10815.932617
2735.0,16711.777344,10815.932617
2645.0,16473.716797,11086.947266
2730.0,16378.495117,10840.570313
2700.0,16426.105469,10889.845703
2625.0,16759.388672,10742.019531
2565.0,16664.166016,10520.280273
2570.0,16759.388672,10668.106445
2480.0,16473.716797,10889.845703
2380.0,16426.105469,11062.308594
2320.0,16283.269531,10963.758789
2330.0,16473.716797,10840.570313
2350.0,16616.552734,10815.932617
2385.0,16854.613281,10766.657227
2425.0,17045.060547,11086.947266
2240.0,16854.613281,11185.49707
2315.0,17521.179688,11924.626953
2320.0,17521.179688,12318.830078
2295.0,17473.568359,12614.482422
2160.0,17330.732422,12786.945313
2130.0,17330.732422,12836.220703
2110.0,17330.732422,13797.089844
2155.0,17092.671875,13994.19043
2215.0,17473.568359,14807.233398
2340.0,17664.015625,16162.304688
2270.0,17711.628906,16507.232422
2290.0,17759.238281,18207.230469
2305.0,17616.404297,19217.375
2285.0,17616.404297,16507.232422
2295.0,17283.119141,15398.537109
2200.0,17092.671875,15891.291016
2095.0,17092.671875,15940.56543
2160.0,17902.074219,17172.447266
2100.0,17806.851563,16926.072266
2135.0,17711.628906,15275.348633
2200.0,17616.404297,15989.84082
2235.0,17473.568359,16408.681641
2215.0,17283.119141,16236.217773
2255.0,17521.179688,15866.652344
2250.0,17759.238281,16137.666992
2240.0,17425.955078,16704.332031
2215.0,17283.119141,18059.404297
2275.0,17092.671875,17985.492188
2255.0,17378.345703,18428.970703
2305.0,17283.119141,18305.78125
2320.0,17378.345703,18305.78125
2300.0,17283.119141,17344.912109
2345.0,16997.449219,16507.232422
2335.0,16854.613281,16186.942383
2255.0,16568.943359,15595.638672
2280.0,16949.835938,16310.130859
2265.0,17378.345703,16260.854492
2300.0,17711.628906,16162.304688
2450.0,18663.865234,15866.652344
2365.0,18663.865234,15718.827148
2470.0,19139.984375,15989.84082
2485.0,19568.492188,16433.320313
2415.0,19330.433594,16827.521484
2410.0,19330.433594,17024.623047
2415.0,19282.820313,16728.970703
2400.0,19425.65625,16236.217773
2370.0,19092.373047,14905.78418
2270.0,18568.640625,15028.97168
2270.0,19044.759766,15226.073242
2230.0,19187.595703,15275.348633
2230.0,19425.65625,14930.421875
2370.0,20282.669922,15792.739258
2885.0,19758.939453,15201.436523
2940.0,19520.878906,14979.696289
2865.0,19616.103516,14043.46582
2870.0,19473.267578,13969.553711
2870.0,19473.267578,14289.842773
3030.0,19854.162109,13747.813477
2900.0,19758.939453,12860.857422
2715.0,19568.492188,12959.40918
2720.0,19520.878906,13156.509766
2760.0,19139.984375,12811.583008
2845.0,19139.984375,12466.655273
2825.0,19044.759766,13033.322266
2820.0,19378.042969,12984.045898
2835.0,19568.492188,12836.220703
2945.0,20377.894531,12811.583008
2910.0,20377.894531,12786.945313
3110.0,20473.117188,12762.307617
3400.0,20568.341797,12959.40918
3260.0,20473.117188,13575.350586
3365.0,20758.789063,13427.524414
3190.0,20758.789063,13846.365234
3270.0,20711.177734,14142.016602
3350.0,20187.445313,13649.263672
3375.0,20282.669922,13920.277344
3345.0,19854.162109,14092.741211
3450.0,19996.998047,13846.365234
3740.0,19711.326172,13821.726563
3590.0,19996.998047,13156.509766
3495.0,19854.162109,12959.40918
3265.0,19520.878906,12959.40918
3220.0,19378.042969,12565.207031
3150.0,19330.433594,13747.813477
3285.0,19758.939453,13895.640625
3175.0,20139.835938,13575.350586
3090.0,20282.669922,13476.799805
3070.0,20758.789063,13279.698242
3045.0,20949.238281,12836.220703
3130.0,20568.341797,12713.032227
3070.0,20663.564453,12713.032227
3165.0,20949.238281,12959.40918
3230.0,20996.847656,12984.045898
3235.0,20949.238281,12565.207031
3170.0,20806.400391,12491.293945
3125.0,20949.238281,11875.351563
3125.0,20901.625,11949.264648
3195.0,20949.238281,12171.003906
3240.0,20996.847656,12146.366211
2990.0,20949.238281,11727.526367
2860.0,20663.564453,11604.337891
2830.0,20377.894531,10840.570313
2905.0,20377.894531,11037.671875
2675.0,20806.400391,10397.092773
2860.0,20568.341797,10199.991211
2860.0,20282.669922,10742.019531
2755.0,19616.103516,10643.46875
2895.0,19663.714844,10717.381836
2765.0,19568.492188,8869.557617
2840.0,19520.878906,8401.442383
3690.0,19520.878906,8278.253906
3425.0,19520.878906,9288.397461
3505.0,19806.552734,9263.759766
3465.0,19711.326172,9460.861328
3500.0,20139.835938,9731.875977
3585.0,20996.847656,9633.325195
3600.0,20806.400391,9510.136719
3360.0,21092.072266,9460.861328
3360.0,20996.847656,10175.353516
3325.0,21044.460938,10372.455078
3555.0,20996.847656,10397.092773
3335.0,20949.238281,10298.541016
3125.0,20663.564453,9830.425781
3185.0,20663.564453,10002.889648
3200.0,20425.505859,10175.353516
3210.0,20711.177734,10298.541016
3335.0,20949.238281,10495.643555
3290.0,22568.041016,10618.831055
3345.0,23091.771484,10421.729492
3400.0,24329.681641,10717.381836
3340.0,24662.966797,10668.106445
3490.0,24710.576172,10544.917969
3375.0,25186.695313,10692.744141
3515.0,25519.978516,10175.353516
3515.0,25758.039063,10372.455078
3475.0,25996.097656,10594.193359
3370.0,25567.591797,11505.787109
3410.0,25472.369141,11308.685547
3385.0,25519.978516,11431.874023
3425.0,25710.427734,11284.047852
3425.0,24948.636719,10914.483398
3515.0,25186.695313,10618.831055
3255.0,25519.978516,10249.266602
3110.0,24948.636719,10249.266602
3110.0,25281.919922,11013.03418
3090.0,25900.875,11234.772461
3155.0,26138.933594,11136.222656
3155.0,26281.771484,10594.193359
3080.0,25710.427734,10397.092773
3065.0,25377.142578,11086.947266
3220.0,25948.486328,10618.831055
3205.0,25758.039063,10495.643555
3205.0,25853.261719,10643.46875
3340.0,24615.353516,10742.019531
3305.0,24234.457031,10742.019531
3470.0,24853.412109,11037.671875
3440.0,24901.025391,10569.556641
3735.0,25805.650391,10446.368164
3750.0,25948.486328,10224.62793
3845.0,26757.888672,10421.729492
3625.0,26424.605469,10668.106445
3700.0,27091.173828,10397.092773
3485.0,26900.724609,10199.991211
3530.0,26662.664063,10224.62793
4585.0,26376.994141,10126.078125
4620.0,26853.113281,10027.527344
4500.0,27091.173828,10175.353516
4565.0,27948.185547,10150.71582
4630.0,28138.632813,10520.280273
4430.0,28043.410156,11037.671875
4440.0,27900.576172,11678.250977
4315.0,28186.246094,10939.120117
4885.0,27900.576172,11062.308594
5600.0,28186.246094,10791.294922
5250.0,27995.798828,10643.46875
5490.0,27852.962891,10397.092773
5830.0,27995.798828,10520.280273
5660.0,28233.857422,10421.729492
5460.0,27472.066406,10594.193359
5870.0,28948.035156,10421.729492
6080.0,29233.707031,10126.078125
5910.0,28900.423828,9756.512695
5950.0,28424.304688,9830.425781
6380.0,28186.246094,10052.165039
6240.0,27662.515625,10052.165039
6300.0,27376.84375,9904.338867
6350.0,27091.173828,9855.064453
5080.0,26900.724609,9805.789063
5390.0,26472.216797,9756.512695
5380.0,27186.396484,9928.977539
5120.0,27662.515625,9781.150391
4805.0,27186.396484,9756.512695
4985.0,27091.173828,10126.078125
5090.0,26662.664063,9904.338867
4985.0,26567.441406,9928.977539
5060.0,27091.173828,9928.977539
5120.0,26757.888672,9879.701172
5300.0,25900.875,9879.701172
5230.0,25996.097656,9805.789063
5670.0,25758.039063,9805.789063
5450.0,26662.664063,9756.512695
5390.0,26329.380859,11185.49707
4980.0,26281.771484,10791.294922
4860.0,26472.216797,10397.092773
4930.0,26757.888672,10150.71582
5050.0,26567.441406,10249.266602
5090.0,28081.394531,10497.432617
5340.0,28325.582031,10447.799805
